01/01/1990 00:00,0
01/01/1990 01:00,0
01/01/1990 02:00,0
01/01/1990 03:00,0
01/01/1990 04:00,0
01/01/1990 05:00,0
01/01/1990 06:00,0
01/01/1990 07:00,0
01/01/1990 08:00,0
01/01/1990 09:00,0
01/01/1990 10:00,0.984160587
01/01/1990 11:00,1.792629004
01/01/1990 12:00,2.117575623
01/01/1990 13:00,1.491521352
01/01/1990 14:00,0.386610765
01/01/1990 15:00,0
01/01/1990 16:00,0
01/01/1990 17:00,0
01/01/1990 18:00,0
01/01/1990 19:00,0
01/01/1990 20:00,0
01/01/1990 21:00,0
01/01/1990 22:00,0
01/01/1990 23:00,0
02/01/1990 00:00,0
02/01/1990 01:00,0
02/01/1990 02:00,0
02/01/1990 03:00,0
02/01/1990 04:00,0
02/01/1990 05:00,0
02/01/1990 06:00,0
02/01/1990 07:00,0
02/01/1990 08:00,0
02/01/1990 09:00,1.87100089
02/01/1990 10:00,5.456463523
02/01/1990 11:00,7.454537367
02/01/1990 12:00,8.570262456
02/01/1990 13:00,5.962197509
02/01/1990 14:00,2.191854982
02/01/1990 15:00,0
02/01/1990 16:00,0
02/01/1990 17:00,0
02/01/1990 18:00,0
02/01/1990 19:00,0
02/01/1990 20:00,0
02/01/1990 21:00,0
02/01/1990 22:00,0
02/01/1990 23:00,0
03/01/1990 00:00,0
03/01/1990 01:00,0
03/01/1990 02:00,0
03/01/1990 03:00,0
03/01/1990 04:00,0
03/01/1990 05:00,0
03/01/1990 06:00,0
03/01/1990 07:00,0
03/01/1990 08:00,0
03/01/1990 09:00,8.897255338
03/01/1990 10:00,20.7613879
03/01/1990 11:00,30.52104093
03/01/1990 12:00,32.14270463
03/01/1990 13:00,25.53225089
03/01/1990 14:00,8.964168149
03/01/1990 15:00,0
03/01/1990 16:00,0
03/01/1990 17:00,0
03/01/1990 18:00,0
03/01/1990 19:00,0
03/01/1990 20:00,0
03/01/1990 21:00,0
03/01/1990 22:00,0
03/01/1990 23:00,0
04/01/1990 00:00,0
04/01/1990 01:00,0
04/01/1990 02:00,0
04/01/1990 03:00,0
04/01/1990 04:00,0
04/01/1990 05:00,0
04/01/1990 06:00,0
04/01/1990 07:00,0
04/01/1990 08:00,0
04/01/1990 09:00,8.513478648
04/01/1990 10:00,9.517477758
04/01/1990 11:00,9.619790925
04/01/1990 12:00,26.12464413
04/01/1990 13:00,9.67616548
04/01/1990 14:00,15.62731317
04/01/1990 15:00,1.221312278
04/01/1990 16:00,0
04/01/1990 17:00,0
04/01/1990 18:00,0
04/01/1990 19:00,0
04/01/1990 20:00,0
04/01/1990 21:00,0
04/01/1990 22:00,0
04/01/1990 23:00,0
05/01/1990 00:00,0
05/01/1990 01:00,0
05/01/1990 02:00,0
05/01/1990 03:00,0
05/01/1990 04:00,0
05/01/1990 05:00,0
05/01/1990 06:00,0
05/01/1990 07:00,0
05/01/1990 08:00,0
05/01/1990 09:00,3.757144128
05/01/1990 10:00,8.515831851
05/01/1990 11:00,10.19059609
05/01/1990 12:00,10.34488434
05/01/1990 13:00,8.817348754
05/01/1990 14:00,6.31691726
05/01/1990 15:00,0
05/01/1990 16:00,0
05/01/1990 17:00,0
05/01/1990 18:00,0
05/01/1990 19:00,0
05/01/1990 20:00,0
05/01/1990 21:00,0
05/01/1990 22:00,0
05/01/1990 23:00,0
06/01/1990 00:00,0
06/01/1990 01:00,0
06/01/1990 02:00,0
06/01/1990 03:00,0
06/01/1990 04:00,0
06/01/1990 05:00,0
06/01/1990 06:00,0
06/01/1990 07:00,0
06/01/1990 08:00,0
06/01/1990 09:00,0.683022242
06/01/1990 10:00,2.312175267
06/01/1990 11:00,3.110934164
06/01/1990 12:00,3.987451068
06/01/1990 13:00,3.400685053
06/01/1990 14:00,1.695840747
06/01/1990 15:00,0
06/01/1990 16:00,0
06/01/1990 17:00,0
06/01/1990 18:00,0
06/01/1990 19:00,0
06/01/1990 20:00,0
06/01/1990 21:00,0
06/01/1990 22:00,0
06/01/1990 23:00,0
07/01/1990 00:00,0
07/01/1990 01:00,0
07/01/1990 02:00,0
07/01/1990 03:00,0
07/01/1990 04:00,0
07/01/1990 05:00,0
07/01/1990 06:00,0
07/01/1990 07:00,0
07/01/1990 08:00,0
07/01/1990 09:00,9.973180605
07/01/1990 10:00,22.16819395
07/01/1990 11:00,18.60974199
07/01/1990 12:00,6.974381673
07/01/1990 13:00,16.74866548
07/01/1990 14:00,10.47482206
07/01/1990 15:00,0
07/01/1990 16:00,0
07/01/1990 17:00,0
07/01/1990 18:00,0
07/01/1990 19:00,0
07/01/1990 20:00,0
07/01/1990 21:00,0
07/01/1990 22:00,0
07/01/1990 23:00,0
08/01/1990 00:00,0
08/01/1990 01:00,0
08/01/1990 02:00,0
08/01/1990 03:00,0
08/01/1990 04:00,0
08/01/1990 05:00,0
08/01/1990 06:00,0
08/01/1990 07:00,0
08/01/1990 08:00,0
08/01/1990 09:00,1.940983096
08/01/1990 10:00,3.502588968
08/01/1990 11:00,5.719715302
08/01/1990 12:00,6.376872776
08/01/1990 13:00,5.245800712
08/01/1990 14:00,2.799390569
08/01/1990 15:00,0
08/01/1990 16:00,0
08/01/1990 17:00,0
08/01/1990 18:00,0
08/01/1990 19:00,0
08/01/1990 20:00,0
08/01/1990 21:00,0
08/01/1990 22:00,0
08/01/1990 23:00,0
09/01/1990 00:00,0
09/01/1990 01:00,0
09/01/1990 02:00,0
09/01/1990 03:00,0
09/01/1990 04:00,0
09/01/1990 05:00,0
09/01/1990 06:00,0
09/01/1990 07:00,0
09/01/1990 08:00,0
09/01/1990 09:00,1.320965302
09/01/1990 10:00,2.777597865
09/01/1990 11:00,3.819759786
09/01/1990 12:00,3.730645018
09/01/1990 13:00,4.003923488
09/01/1990 14:00,2.058950178
09/01/1990 15:00,0
09/01/1990 16:00,0
09/01/1990 17:00,0
09/01/1990 18:00,0
09/01/1990 19:00,0
09/01/1990 20:00,0
09/01/1990 21:00,0
09/01/1990 22:00,0
09/01/1990 23:00,0
10/01/1990 00:00,0
10/01/1990 01:00,0
10/01/1990 02:00,0
10/01/1990 03:00,0
10/01/1990 04:00,0
10/01/1990 05:00,0
10/01/1990 06:00,0
10/01/1990 07:00,0
10/01/1990 08:00,0
10/01/1990 09:00,1.089021352
10/01/1990 10:00,3.98622331
10/01/1990 11:00,5.382900356
10/01/1990 12:00,5.666103203
10/01/1990 13:00,4.919012456
10/01/1990 14:00,2.639782028
10/01/1990 15:00,0
10/01/1990 16:00,0
10/01/1990 17:00,0
10/01/1990 18:00,0
10/01/1990 19:00,0
10/01/1990 20:00,0
10/01/1990 21:00,0
10/01/1990 22:00,0
10/01/1990 23:00,0
11/01/1990 00:00,0
11/01/1990 01:00,0
11/01/1990 02:00,0
11/01/1990 03:00,0
11/01/1990 04:00,0
11/01/1990 05:00,0
11/01/1990 06:00,0
11/01/1990 07:00,0
11/01/1990 08:00,0
11/01/1990 09:00,9.174933274
11/01/1990 10:00,21.88478648
11/01/1990 11:00,25.8555605
11/01/1990 12:00,25.83714413
11/01/1990 13:00,28.66508007
11/01/1990 14:00,13.60048932
11/01/1990 15:00,0.822352313
11/01/1990 16:00,0
11/01/1990 17:00,0
11/01/1990 18:00,0
11/01/1990 19:00,0
11/01/1990 20:00,0
11/01/1990 21:00,0
11/01/1990 22:00,0
11/01/1990 23:00,0
12/01/1990 00:00,0
12/01/1990 01:00,0
12/01/1990 02:00,0
12/01/1990 03:00,0
12/01/1990 04:00,0
12/01/1990 05:00,0
12/01/1990 06:00,0
12/01/1990 07:00,0
12/01/1990 08:00,0
12/01/1990 09:00,6.219208185
12/01/1990 10:00,10.28247331
12/01/1990 11:00,16.6136121
12/01/1990 12:00,15.37766904
12/01/1990 13:00,3.972717972
12/01/1990 14:00,6.897953737
12/01/1990 15:00,1.338153915
12/01/1990 16:00,0
12/01/1990 17:00,0
12/01/1990 18:00,0
12/01/1990 19:00,0
12/01/1990 20:00,0
12/01/1990 21:00,0
12/01/1990 22:00,0
12/01/1990 23:00,0
13/01/1990 00:00,0
13/01/1990 01:00,0
13/01/1990 02:00,0
13/01/1990 03:00,0
13/01/1990 04:00,0
13/01/1990 05:00,0
13/01/1990 06:00,0
13/01/1990 07:00,0
13/01/1990 08:00,0
13/01/1990 09:00,4.623941281
13/01/1990 10:00,8.483603203
13/01/1990 11:00,12.07090747
13/01/1990 12:00,23.82873665
13/01/1990 13:00,21.68016014
13/01/1990 14:00,17.79021352
13/01/1990 15:00,5.200987544
13/01/1990 16:00,0
13/01/1990 17:00,0
13/01/1990 18:00,0
13/01/1990 19:00,0
13/01/1990 20:00,0
13/01/1990 21:00,0
13/01/1990 22:00,0
13/01/1990 23:00,0
14/01/1990 00:00,0
14/01/1990 01:00,0
14/01/1990 02:00,0
14/01/1990 03:00,0
14/01/1990 04:00,0
14/01/1990 05:00,0
14/01/1990 06:00,0
14/01/1990 07:00,0
14/01/1990 08:00,0
14/01/1990 09:00,2.500840747
14/01/1990 10:00,5.579137011
14/01/1990 11:00,8.16080516
14/01/1990 12:00,8.991383452
14/01/1990 13:00,7.471214413
14/01/1990 14:00,4.283954626
14/01/1990 15:00,1.140996441
14/01/1990 16:00,0
14/01/1990 17:00,0
14/01/1990 18:00,0
14/01/1990 19:00,0
14/01/1990 20:00,0
14/01/1990 21:00,0
14/01/1990 22:00,0
14/01/1990 23:00,0
15/01/1990 00:00,0
15/01/1990 01:00,0
15/01/1990 02:00,0
15/01/1990 03:00,0
15/01/1990 04:00,0
15/01/1990 05:00,0
15/01/1990 06:00,0
15/01/1990 07:00,0
15/01/1990 08:00,0
15/01/1990 09:00,4.394145907
15/01/1990 10:00,11.83354093
15/01/1990 11:00,12.04942171
15/01/1990 12:00,10.1643016
15/01/1990 13:00,6.540369217
15/01/1990 14:00,6.309346085
15/01/1990 15:00,0
15/01/1990 16:00,0
15/01/1990 17:00,0
15/01/1990 18:00,0
15/01/1990 19:00,0
15/01/1990 20:00,0
15/01/1990 21:00,0
15/01/1990 22:00,0
15/01/1990 23:00,0
16/01/1990 00:00,0
16/01/1990 01:00,0
16/01/1990 02:00,0
16/01/1990 03:00,0
16/01/1990 04:00,0
16/01/1990 05:00,0
16/01/1990 06:00,0
16/01/1990 07:00,0
16/01/1990 08:00,0
16/01/1990 09:00,12.70115658
16/01/1990 10:00,19.87126335
16/01/1990 11:00,16.10511566
16/01/1990 12:00,19.80475979
16/01/1990 13:00,32.02504448
16/01/1990 14:00,17.9672153
16/01/1990 15:00,7.602379893
16/01/1990 16:00,0
16/01/1990 17:00,0
16/01/1990 18:00,0
16/01/1990 19:00,0
16/01/1990 20:00,0
16/01/1990 21:00,0
16/01/1990 22:00,0
16/01/1990 23:00,0
17/01/1990 00:00,0
17/01/1990 01:00,0
17/01/1990 02:00,0
17/01/1990 03:00,0
17/01/1990 04:00,0
17/01/1990 05:00,0
17/01/1990 06:00,0
17/01/1990 07:00,0
17/01/1990 08:00,0
17/01/1990 09:00,0.149796708
17/01/1990 10:00,0.672565836
17/01/1990 11:00,1.53213968
17/01/1990 12:00,2.036748221
17/01/1990 13:00,24.23798932
17/01/1990 14:00,16.71899466
17/01/1990 15:00,5.626712633
17/01/1990 16:00,0
17/01/1990 17:00,0
17/01/1990 18:00,0
17/01/1990 19:00,0
17/01/1990 20:00,0
17/01/1990 21:00,0
17/01/1990 22:00,0
17/01/1990 23:00,0
18/01/1990 00:00,0
18/01/1990 01:00,0
18/01/1990 02:00,0
18/01/1990 03:00,0
18/01/1990 04:00,0
18/01/1990 05:00,0
18/01/1990 06:00,0
18/01/1990 07:00,0
18/01/1990 08:00,0
18/01/1990 09:00,12.78198399
18/01/1990 10:00,28.04813167
18/01/1990 11:00,35.0944395
18/01/1990 12:00,25.64581851
18/01/1990 13:00,26.58607651
18/01/1990 14:00,15.89025801
18/01/1990 15:00,0.599370996
18/01/1990 16:00,0
18/01/1990 17:00,0
18/01/1990 18:00,0
18/01/1990 19:00,0
18/01/1990 20:00,0
18/01/1990 21:00,0
18/01/1990 22:00,0
18/01/1990 23:00,0
19/01/1990 00:00,0
19/01/1990 01:00,0
19/01/1990 02:00,0
19/01/1990 03:00,0
19/01/1990 04:00,0
19/01/1990 05:00,0
19/01/1990 06:00,0
19/01/1990 07:00,0
19/01/1990 08:00,0
19/01/1990 09:00,9.988425267
19/01/1990 10:00,18.65066726
19/01/1990 11:00,24.90711744
19/01/1990 12:00,23.0644573
19/01/1990 13:00,31.41525801
19/01/1990 14:00,23.23122776
19/01/1990 15:00,8.86758452
19/01/1990 16:00,0
19/01/1990 17:00,0
19/01/1990 18:00,0
19/01/1990 19:00,0
19/01/1990 20:00,0
19/01/1990 21:00,0
19/01/1990 22:00,0
19/01/1990 23:00,0
20/01/1990 00:00,0
20/01/1990 01:00,0
20/01/1990 02:00,0
20/01/1990 03:00,0
20/01/1990 04:00,0
20/01/1990 05:00,0
20/01/1990 06:00,0
20/01/1990 07:00,0
20/01/1990 08:00,0
20/01/1990 09:00,11.30253559
20/01/1990 10:00,24.88256228
20/01/1990 11:00,23.74074733
20/01/1990 12:00,20.40329181
20/01/1990 13:00,16.68113879
20/01/1990 14:00,7.362967082
20/01/1990 15:00,3.526325623
20/01/1990 16:00,0
20/01/1990 17:00,0
20/01/1990 18:00,0
20/01/1990 19:00,0
20/01/1990 20:00,0
20/01/1990 21:00,0
20/01/1990 22:00,0
20/01/1990 23:00,0
21/01/1990 00:00,0
21/01/1990 01:00,0
21/01/1990 02:00,0
21/01/1990 03:00,0
21/01/1990 04:00,0
21/01/1990 05:00,0
21/01/1990 06:00,0
21/01/1990 07:00,0
21/01/1990 08:00,0
21/01/1990 09:00,12.70422598
21/01/1990 10:00,26.70169039
21/01/1990 11:00,20.4738879
21/01/1990 12:00,18.24653025
21/01/1990 13:00,10.6149911
21/01/1990 14:00,0.34173621
21/01/1990 15:00,0
21/01/1990 16:00,0
21/01/1990 17:00,0
21/01/1990 18:00,0
21/01/1990 19:00,0
21/01/1990 20:00,0
21/01/1990 21:00,0
21/01/1990 22:00,0
21/01/1990 23:00,0
22/01/1990 00:00,0
22/01/1990 01:00,0
22/01/1990 02:00,0
22/01/1990 03:00,0
22/01/1990 04:00,0
22/01/1990 05:00,0
22/01/1990 06:00,0
22/01/1990 07:00,0
22/01/1990 08:00,0
22/01/1990 09:00,0.72201379
22/01/1990 10:00,2.146632562
22/01/1990 11:00,3.091801601
22/01/1990 12:00,3.067962633
22/01/1990 13:00,2.880217972
22/01/1990 14:00,1.69594306
22/01/1990 15:00,0.237110765
22/01/1990 16:00,0
22/01/1990 17:00,0
22/01/1990 18:00,0
22/01/1990 19:00,0
22/01/1990 20:00,0
22/01/1990 21:00,0
22/01/1990 22:00,0
22/01/1990 23:00,0
23/01/1990 00:00,0
23/01/1990 01:00,0
23/01/1990 02:00,0
23/01/1990 03:00,0
23/01/1990 04:00,0
23/01/1990 05:00,0
23/01/1990 06:00,0
23/01/1990 07:00,0
23/01/1990 08:00,0
23/01/1990 09:00,12.7338968
23/01/1990 10:00,26.47353203
23/01/1990 11:00,35.73287367
23/01/1990 12:00,37.52335409
23/01/1990 13:00,33.93932384
23/01/1990 14:00,22.20502669
23/01/1990 15:00,9.019928826
23/01/1990 16:00,0
23/01/1990 17:00,0
23/01/1990 18:00,0
23/01/1990 19:00,0
23/01/1990 20:00,0
23/01/1990 21:00,0
23/01/1990 22:00,0
23/01/1990 23:00,0
24/01/1990 00:00,0
24/01/1990 01:00,0
24/01/1990 02:00,0
24/01/1990 03:00,0
24/01/1990 04:00,0
24/01/1990 05:00,0
24/01/1990 06:00,0
24/01/1990 07:00,0
24/01/1990 08:00,0
24/01/1990 09:00,14.10080071
24/01/1990 10:00,30.99270463
24/01/1990 11:00,40.69199288
24/01/1990 12:00,44.34866548
24/01/1990 13:00,38.11881673
24/01/1990 14:00,22.25106762
24/01/1990 15:00,9.845800712
24/01/1990 16:00,0
24/01/1990 17:00,0
24/01/1990 18:00,0
24/01/1990 19:00,0
24/01/1990 20:00,0
24/01/1990 21:00,0
24/01/1990 22:00,0
24/01/1990 23:00,0
25/01/1990 00:00,0
25/01/1990 01:00,0
25/01/1990 02:00,0
25/01/1990 03:00,0
25/01/1990 04:00,0
25/01/1990 05:00,0
25/01/1990 06:00,0
25/01/1990 07:00,0
25/01/1990 08:00,0
25/01/1990 09:00,15.44008007
25/01/1990 10:00,31.80507117
25/01/1990 11:00,41.38362989
25/01/1990 12:00,44.22998221
25/01/1990 13:00,39.61872776
25/01/1990 14:00,26.61574733
25/01/1990 15:00,11.16952847
25/01/1990 16:00,0
25/01/1990 17:00,0
25/01/1990 18:00,0
25/01/1990 19:00,0
25/01/1990 20:00,0
25/01/1990 21:00,0
25/01/1990 22:00,0
25/01/1990 23:00,0
26/01/1990 00:00,0
26/01/1990 01:00,0
26/01/1990 02:00,0
26/01/1990 03:00,0
26/01/1990 04:00,0
26/01/1990 05:00,0
26/01/1990 06:00,0
26/01/1990 07:00,0
26/01/1990 08:00,0.271641459
26/01/1990 09:00,14.36272242
26/01/1990 10:00,24.22468861
26/01/1990 11:00,37.04248221
26/01/1990 12:00,39.23812278
26/01/1990 13:00,32.41076512
26/01/1990 14:00,26.9216637
26/01/1990 15:00,11.93687722
26/01/1990 16:00,0
26/01/1990 17:00,0
26/01/1990 18:00,0
26/01/1990 19:00,0
26/01/1990 20:00,0
26/01/1990 21:00,0
26/01/1990 22:00,0
26/01/1990 23:00,0
27/01/1990 00:00,0
27/01/1990 01:00,0
27/01/1990 02:00,0
27/01/1990 03:00,0
27/01/1990 04:00,0
27/01/1990 05:00,0
27/01/1990 06:00,0
27/01/1990 07:00,0
27/01/1990 08:00,0
27/01/1990 09:00,0
27/01/1990 10:00,0.713716192
27/01/1990 11:00,1.133322954
27/01/1990 12:00,1.200235765
27/01/1990 13:00,18.05213523
27/01/1990 14:00,12.52620107
27/01/1990 15:00,5.52644573
27/01/1990 16:00,0
27/01/1990 17:00,0
27/01/1990 18:00,0
27/01/1990 19:00,0
27/01/1990 20:00,0
27/01/1990 21:00,0
27/01/1990 22:00,0
27/01/1990 23:00,0
28/01/1990 00:00,0
28/01/1990 01:00,0
28/01/1990 02:00,0
28/01/1990 03:00,0
28/01/1990 04:00,0
28/01/1990 05:00,0
28/01/1990 06:00,0
28/01/1990 07:00,0
28/01/1990 08:00,0
28/01/1990 09:00,8.155996441
28/01/1990 10:00,16.04372776
28/01/1990 11:00,19.47531139
28/01/1990 12:00,17.81681495
28/01/1990 13:00,10.44924377
28/01/1990 14:00,8.612006228
28/01/1990 15:00,4.552117438
28/01/1990 16:00,0
28/01/1990 17:00,0
28/01/1990 18:00,0
28/01/1990 19:00,0
28/01/1990 20:00,0
28/01/1990 21:00,0
28/01/1990 22:00,0
28/01/1990 23:00,0
29/01/1990 00:00,0
29/01/1990 01:00,0
29/01/1990 02:00,0
29/01/1990 03:00,0
29/01/1990 04:00,0
29/01/1990 05:00,0
29/01/1990 06:00,0
29/01/1990 07:00,0
29/01/1990 08:00,0.59566726
29/01/1990 09:00,14.46298932
29/01/1990 10:00,28.28140569
29/01/1990 11:00,17.41574733
29/01/1990 12:00,26.04586299
29/01/1990 13:00,13.6997331
29/01/1990 14:00,17.93959075
29/01/1990 15:00,10.88816726
29/01/1990 16:00,0
29/01/1990 17:00,0
29/01/1990 18:00,0
29/01/1990 19:00,0
29/01/1990 20:00,0
29/01/1990 21:00,0
29/01/1990 22:00,0
29/01/1990 23:00,0
30/01/1990 00:00,0
30/01/1990 01:00,0
30/01/1990 02:00,0
30/01/1990 03:00,0
30/01/1990 04:00,0
30/01/1990 05:00,0
30/01/1990 06:00,0
30/01/1990 07:00,0
30/01/1990 08:00,0
30/01/1990 09:00,0.883290036
30/01/1990 10:00,2.2961121
30/01/1990 11:00,3.119323843
30/01/1990 12:00,3.008211744
30/01/1990 13:00,2.776779359
30/01/1990 14:00,1.760707295
30/01/1990 15:00,0.360868772
30/01/1990 16:00,0
30/01/1990 17:00,0
30/01/1990 18:00,0
30/01/1990 19:00,0
30/01/1990 20:00,0
30/01/1990 21:00,0
30/01/1990 22:00,0
30/01/1990 23:00,0
31/01/1990 00:00,0
31/01/1990 01:00,0
31/01/1990 02:00,0
31/01/1990 03:00,0
31/01/1990 04:00,0
31/01/1990 05:00,0
31/01/1990 06:00,0
31/01/1990 07:00,0
31/01/1990 08:00,0
31/01/1990 09:00,2.880320285
31/01/1990 10:00,4.789586299
31/01/1990 11:00,7.414532918
31/01/1990 12:00,8.059617438
31/01/1990 13:00,6.948701068
31/01/1990 14:00,4.828772242
31/01/1990 15:00,2.059257117
31/01/1990 16:00,0
31/01/1990 17:00,0
31/01/1990 18:00,0
31/01/1990 19:00,0
31/01/1990 20:00,0
31/01/1990 21:00,0
31/01/1990 22:00,0
31/01/1990 23:00,0
01/02/1990 00:00,0
01/02/1990 01:00,0
01/02/1990 02:00,0
01/02/1990 03:00,0
01/02/1990 04:00,0
01/02/1990 05:00,0
01/02/1990 06:00,0
01/02/1990 07:00,0
01/02/1990 08:00,0
01/02/1990 09:00,7.387624555
01/02/1990 10:00,16.37931495
01/02/1990 11:00,15.0113879
01/02/1990 12:00,11.47851423
01/02/1990 13:00,9.449644128
01/02/1990 14:00,7.354577402
01/02/1990 15:00,0.088850801
01/02/1990 16:00,0
01/02/1990 17:00,0
01/02/1990 18:00,0
01/02/1990 19:00,0
01/02/1990 20:00,0
01/02/1990 21:00,0
01/02/1990 22:00,0
01/02/1990 23:00,0
02/02/1990 00:00,0
02/02/1990 01:00,0
02/02/1990 02:00,0
02/02/1990 03:00,0
02/02/1990 04:00,0
02/02/1990 05:00,0
02/02/1990 06:00,0
02/02/1990 07:00,0
02/02/1990 08:00,1.303265125
02/02/1990 09:00,5.426178826
02/02/1990 10:00,10.37864769
02/02/1990 11:00,13.74782028
02/02/1990 12:00,15.09426157
02/02/1990 13:00,12.95080071
02/02/1990 14:00,7.970604982
02/02/1990 15:00,2.856481317
02/02/1990 16:00,0
02/02/1990 17:00,0
02/02/1990 18:00,0
02/02/1990 19:00,0
02/02/1990 20:00,0
02/02/1990 21:00,0
02/02/1990 22:00,0
02/02/1990 23:00,0
03/02/1990 00:00,0
03/02/1990 01:00,0
03/02/1990 02:00,0
03/02/1990 03:00,0
03/02/1990 04:00,0
03/02/1990 05:00,0
03/02/1990 06:00,0
03/02/1990 07:00,0
03/02/1990 08:00,1.876628114
03/02/1990 09:00,7.950346975
03/02/1990 10:00,13.03879004
03/02/1990 11:00,14.26757117
03/02/1990 12:00,14.4752669
03/02/1990 13:00,13.23420819
03/02/1990 14:00,7.185965302
03/02/1990 15:00,3.806970641
03/02/1990 16:00,0
03/02/1990 17:00,0
03/02/1990 18:00,0
03/02/1990 19:00,0
03/02/1990 20:00,0
03/02/1990 21:00,0
03/02/1990 22:00,0
03/02/1990 23:00,0
04/02/1990 00:00,0
04/02/1990 01:00,0
04/02/1990 02:00,0
04/02/1990 03:00,0
04/02/1990 04:00,0
04/02/1990 05:00,0
04/02/1990 06:00,0
04/02/1990 07:00,0
04/02/1990 08:00,2.371414591
04/02/1990 09:00,8.874439502
04/02/1990 10:00,15.34697509
04/02/1990 11:00,23.96072064
04/02/1990 12:00,30.70929715
04/02/1990 13:00,31.81120996
04/02/1990 14:00,23.72642349
04/02/1990 15:00,0
04/02/1990 16:00,0
04/02/1990 17:00,0
04/02/1990 18:00,0
04/02/1990 19:00,0
04/02/1990 20:00,0
04/02/1990 21:00,0
04/02/1990 22:00,0
04/02/1990 23:00,0
05/02/1990 00:00,0
05/02/1990 01:00,0
05/02/1990 02:00,0
05/02/1990 03:00,0
05/02/1990 04:00,0
05/02/1990 05:00,0
05/02/1990 06:00,0
05/02/1990 07:00,0
05/02/1990 08:00,0.18780605
05/02/1990 09:00,1.886040925
05/02/1990 10:00,3.391783808
05/02/1990 11:00,3.23227758
05/02/1990 12:00,2.013011566
05/02/1990 13:00,36.1830516
05/02/1990 14:00,32.48136121
05/02/1990 15:00,18.41432384
05/02/1990 16:00,0.231094751
05/02/1990 17:00,0
05/02/1990 18:00,0
05/02/1990 19:00,0
05/02/1990 20:00,0
05/02/1990 21:00,0
05/02/1990 22:00,0
05/02/1990 23:00,0
06/02/1990 00:00,0
06/02/1990 01:00,0
06/02/1990 02:00,0
06/02/1990 03:00,0
06/02/1990 04:00,0
06/02/1990 05:00,0
06/02/1990 06:00,0
06/02/1990 07:00,0
06/02/1990 08:00,3.215498221
06/02/1990 09:00,14.6655694
06/02/1990 10:00,28.95564947
06/02/1990 11:00,47.05382562
06/02/1990 12:00,50.31659253
06/02/1990 13:00,33.2241548
06/02/1990 14:00,30.84435053
06/02/1990 15:00,15.29070285
06/02/1990 16:00,0
06/02/1990 17:00,0
06/02/1990 18:00,0
06/02/1990 19:00,0
06/02/1990 20:00,0
06/02/1990 21:00,0
06/02/1990 22:00,0
06/02/1990 23:00,0
07/02/1990 00:00,0
07/02/1990 01:00,0
07/02/1990 02:00,0
07/02/1990 03:00,0
07/02/1990 04:00,0
07/02/1990 05:00,0
07/02/1990 06:00,0
07/02/1990 07:00,0
07/02/1990 08:00,2.973118327
07/02/1990 09:00,11.07540036
07/02/1990 10:00,25.21201068
07/02/1990 11:00,27.24906584
07/02/1990 12:00,29.0794484
07/02/1990 13:00,41.74172598
07/02/1990 14:00,36.07869217
07/02/1990 15:00,19.19190391
07/02/1990 16:00,0.769937278
07/02/1990 17:00,0
07/02/1990 18:00,0
07/02/1990 19:00,0
07/02/1990 20:00,0
07/02/1990 21:00,0
07/02/1990 22:00,0
07/02/1990 23:00,0
08/02/1990 00:00,0
08/02/1990 01:00,0
08/02/1990 02:00,0
08/02/1990 03:00,0
08/02/1990 04:00,0
08/02/1990 05:00,0
08/02/1990 06:00,0
08/02/1990 07:00,0
08/02/1990 08:00,6.710413701
08/02/1990 09:00,18.57802491
08/02/1990 10:00,23.87580071
08/02/1990 11:00,45.4055605
08/02/1990 12:00,34.02322064
08/02/1990 13:00,20.87802491
08/02/1990 14:00,17.78919039
08/02/1990 15:00,3.015373665
08/02/1990 16:00,0
08/02/1990 17:00,0
08/02/1990 18:00,0
08/02/1990 19:00,0
08/02/1990 20:00,0
08/02/1990 21:00,0
08/02/1990 22:00,0
08/02/1990 23:00,0
09/02/1990 00:00,0
09/02/1990 01:00,0
09/02/1990 02:00,0
09/02/1990 03:00,0
09/02/1990 04:00,0
09/02/1990 05:00,0
09/02/1990 06:00,0
09/02/1990 07:00,0
09/02/1990 08:00,0.856310053
09/02/1990 09:00,0.689365658
09/02/1990 10:00,2.285369217
09/02/1990 11:00,2.047286477
09/02/1990 12:00,6.989830961
09/02/1990 13:00,37.02918149
09/02/1990 14:00,35.74719751
09/02/1990 15:00,18.2577847
09/02/1990 16:00,0.773303381
09/02/1990 17:00,0
09/02/1990 18:00,0
09/02/1990 19:00,0
09/02/1990 20:00,0
09/02/1990 21:00,0
09/02/1990 22:00,0
09/02/1990 23:00,0
10/02/1990 00:00,0
10/02/1990 01:00,0
10/02/1990 02:00,0
10/02/1990 03:00,0
10/02/1990 04:00,0
10/02/1990 05:00,0
10/02/1990 06:00,0
10/02/1990 07:00,0
10/02/1990 08:00,7.924870996
10/02/1990 09:00,20.81459075
10/02/1990 10:00,44.17882562
10/02/1990 11:00,46.19234875
10/02/1990 12:00,22.7125
10/02/1990 13:00,14.34839858
10/02/1990 14:00,11.03959075
10/02/1990 15:00,10.58532028
10/02/1990 16:00,0.730771797
10/02/1990 17:00,0
10/02/1990 18:00,0
10/02/1990 19:00,0
10/02/1990 20:00,0
10/02/1990 21:00,0
10/02/1990 22:00,0
10/02/1990 23:00,0
11/02/1990 00:00,0
11/02/1990 01:00,0
11/02/1990 02:00,0
11/02/1990 03:00,0
11/02/1990 04:00,0
11/02/1990 05:00,0
11/02/1990 06:00,0
11/02/1990 07:00,0
11/02/1990 08:00,3.28169484
11/02/1990 09:00,8.614768683
11/02/1990 10:00,15.53932384
11/02/1990 11:00,22.2633452
11/02/1990 12:00,23.69675267
11/02/1990 13:00,24.31881673
11/02/1990 14:00,18.19025801
11/02/1990 15:00,9.398487544
11/02/1990 16:00,0.638035142
11/02/1990 17:00,0
11/02/1990 18:00,0
11/02/1990 19:00,0
11/02/1990 20:00,0
11/02/1990 21:00,0
11/02/1990 22:00,0
11/02/1990 23:00,0
12/02/1990 00:00,0
12/02/1990 01:00,0
12/02/1990 02:00,0
12/02/1990 03:00,0
12/02/1990 04:00,0
12/02/1990 05:00,0
12/02/1990 06:00,0
12/02/1990 07:00,0
12/02/1990 08:00,0.672606762
12/02/1990 09:00,11.71690391
12/02/1990 10:00,18.12784698
12/02/1990 11:00,56.53109431
12/02/1990 12:00,62.17980427
12/02/1990 13:00,39.54710854
12/02/1990 14:00,10.33976868
12/02/1990 15:00,0.442831851
12/02/1990 16:00,0
12/02/1990 17:00,0
12/02/1990 18:00,0
12/02/1990 19:00,0
12/02/1990 20:00,0
12/02/1990 21:00,0
12/02/1990 22:00,0
12/02/1990 23:00,0
13/02/1990 00:00,0
13/02/1990 01:00,0
13/02/1990 02:00,0
13/02/1990 03:00,0
13/02/1990 04:00,0
13/02/1990 05:00,0
13/02/1990 06:00,0
13/02/1990 07:00,0
13/02/1990 08:00,5.450631673
13/02/1990 09:00,20.90155694
13/02/1990 10:00,23.84715302
13/02/1990 11:00,36.54626335
13/02/1990 12:00,45.50071174
13/02/1990 13:00,53.95689502
13/02/1990 14:00,19.00057829
13/02/1990 15:00,8.28030694
13/02/1990 16:00,0
13/02/1990 17:00,0
13/02/1990 18:00,0
13/02/1990 19:00,0
13/02/1990 20:00,0
13/02/1990 21:00,0
13/02/1990 22:00,0
13/02/1990 23:00,0
14/02/1990 00:00,0
14/02/1990 01:00,0
14/02/1990 02:00,0
14/02/1990 03:00,0
14/02/1990 04:00,0
14/02/1990 05:00,0
14/02/1990 06:00,0
14/02/1990 07:00,0
14/02/1990 08:00,10.53109431
14/02/1990 09:00,28.56481317
14/02/1990 10:00,47.37508897
14/02/1990 11:00,52.15618327
14/02/1990 12:00,55.74532918
14/02/1990 13:00,55.25729537
14/02/1990 14:00,47.95827402
14/02/1990 15:00,27.42402135
14/02/1990 16:00,8.79555605
14/02/1990 17:00,0
14/02/1990 18:00,0
14/02/1990 19:00,0
14/02/1990 20:00,0
14/02/1990 21:00,0
14/02/1990 22:00,0
14/02/1990 23:00,0
15/02/1990 00:00,0
15/02/1990 01:00,0
15/02/1990 02:00,0
15/02/1990 03:00,0
15/02/1990 04:00,0
15/02/1990 05:00,0
15/02/1990 06:00,0
15/02/1990 07:00,0
15/02/1990 08:00,2.455106762
15/02/1990 09:00,6.768118327
15/02/1990 10:00,9.788403025
15/02/1990 11:00,9.116410142
15/02/1990 12:00,9.155596085
15/02/1990 13:00,10.08286032
15/02/1990 14:00,6.695578292
15/02/1990 15:00,3.841757117
15/02/1990 16:00,1.33702847
15/02/1990 17:00,0
15/02/1990 18:00,0
15/02/1990 19:00,0
15/02/1990 20:00,0
15/02/1990 21:00,0
15/02/1990 22:00,0
15/02/1990 23:00,0
16/02/1990 00:00,0
16/02/1990 01:00,0
16/02/1990 02:00,0
16/02/1990 03:00,0
16/02/1990 04:00,0
16/02/1990 05:00,0
16/02/1990 06:00,0
16/02/1990 07:00,0
16/02/1990 08:00,0.545349644
16/02/1990 09:00,2.248536477
16/02/1990 10:00,3.490925267
16/02/1990 11:00,4.744977758
16/02/1990 12:00,4.577184164
16/02/1990 13:00,3.879919929
16/02/1990 14:00,2.990818505
16/02/1990 15:00,1.701058719
16/02/1990 16:00,0.139145907
16/02/1990 17:00,0
16/02/1990 18:00,0
16/02/1990 19:00,0
16/02/1990 20:00,0
16/02/1990 21:00,0
16/02/1990 22:00,0
16/02/1990 23:00,0
17/02/1990 00:00,0
17/02/1990 01:00,0
17/02/1990 02:00,0
17/02/1990 03:00,0
17/02/1990 04:00,0
17/02/1990 05:00,0
17/02/1990 06:00,0
17/02/1990 07:00,0
17/02/1990 08:00,4.024590747
17/02/1990 09:00,9.712384342
17/02/1990 10:00,15.9158363
17/02/1990 11:00,22.89461744
17/02/1990 12:00,24.13567616
17/02/1990 13:00,23.68242883
17/02/1990 14:00,20.49435053
17/02/1990 15:00,11.6422153
17/02/1990 16:00,3.551494662
17/02/1990 17:00,0
17/02/1990 18:00,0
17/02/1990 19:00,0
17/02/1990 20:00,0
17/02/1990 21:00,0
17/02/1990 22:00,0
17/02/1990 23:00,0
18/02/1990 00:00,0
18/02/1990 01:00,0
18/02/1990 02:00,0
18/02/1990 03:00,0
18/02/1990 04:00,0
18/02/1990 05:00,0
18/02/1990 06:00,0
18/02/1990 07:00,0
18/02/1990 08:00,10.49119217
18/02/1990 09:00,26.03256228
18/02/1990 10:00,44.79679715
18/02/1990 11:00,43.01040925
18/02/1990 12:00,11.29844306
18/02/1990 13:00,34.86014235
18/02/1990 14:00,50.01783808
18/02/1990 15:00,14.56530249
18/02/1990 16:00,8.378118327
18/02/1990 17:00,0
18/02/1990 18:00,0
18/02/1990 19:00,0
18/02/1990 20:00,0
18/02/1990 21:00,0
18/02/1990 22:00,0
18/02/1990 23:00,0
19/02/1990 00:00,0
19/02/1990 01:00,0
19/02/1990 02:00,0
19/02/1990 03:00,0
19/02/1990 04:00,0
19/02/1990 05:00,0
19/02/1990 06:00,0
19/02/1990 07:00,0
19/02/1990 08:00,4.019577402
19/02/1990 09:00,23.41232206
19/02/1990 10:00,31.33136121
19/02/1990 11:00,46.57704626
19/02/1990 12:00,45.84550712
19/02/1990 13:00,46.52486655
19/02/1990 14:00,35.30213523
19/02/1990 15:00,23.36321174
19/02/1990 16:00,6.280800712
19/02/1990 17:00,0
19/02/1990 18:00,0
19/02/1990 19:00,0
19/02/1990 20:00,0
19/02/1990 21:00,0
19/02/1990 22:00,0
19/02/1990 23:00,0
20/02/1990 00:00,0
20/02/1990 01:00,0
20/02/1990 02:00,0
20/02/1990 03:00,0
20/02/1990 04:00,0
20/02/1990 05:00,0
20/02/1990 06:00,0
20/02/1990 07:00,0
20/02/1990 08:00,10.11744217
20/02/1990 09:00,23.46450178
20/02/1990 10:00,39.36294484
20/02/1990 11:00,42.8600089
20/02/1990 12:00,45.14363879
20/02/1990 13:00,46.06752669
20/02/1990 14:00,35.8566726
20/02/1990 15:00,23.31512456
20/02/1990 16:00,7.339435053
20/02/1990 17:00,0
20/02/1990 18:00,0
20/02/1990 19:00,0
20/02/1990 20:00,0
20/02/1990 21:00,0
20/02/1990 22:00,0
20/02/1990 23:00,0
21/02/1990 00:00,0
21/02/1990 01:00,0
21/02/1990 02:00,0
21/02/1990 03:00,0
21/02/1990 04:00,0
21/02/1990 05:00,0
21/02/1990 06:00,0
21/02/1990 07:00,0
21/02/1990 08:00,14.03020463
21/02/1990 09:00,32.0966637
21/02/1990 10:00,48.86476868
21/02/1990 11:00,50.44039146
21/02/1990 12:00,51.9761121
21/02/1990 13:00,49.94724199
21/02/1990 14:00,47.97975979
21/02/1990 15:00,28.54741993
21/02/1990 16:00,10.99764235
21/02/1990 17:00,0
21/02/1990 18:00,0
21/02/1990 19:00,0
21/02/1990 20:00,0
21/02/1990 21:00,0
21/02/1990 22:00,0
21/02/1990 23:00,0
22/02/1990 00:00,0
22/02/1990 01:00,0
22/02/1990 02:00,0
22/02/1990 03:00,0
22/02/1990 04:00,0
22/02/1990 05:00,0
22/02/1990 06:00,0
22/02/1990 07:00,0
22/02/1990 08:00,14.88758897
22/02/1990 09:00,35.43411922
22/02/1990 10:00,47.45387011
22/02/1990 11:00,48.55578292
22/02/1990 12:00,46.47882562
22/02/1990 13:00,47.59096975
22/02/1990 14:00,36.3283363
22/02/1990 15:00,19.04048043
22/02/1990 16:00,6.91227758
22/02/1990 17:00,0
22/02/1990 18:00,0
22/02/1990 19:00,0
22/02/1990 20:00,0
22/02/1990 21:00,0
22/02/1990 22:00,0
22/02/1990 23:00,0
23/02/1990 00:00,0
23/02/1990 01:00,0
23/02/1990 02:00,0
23/02/1990 03:00,0
23/02/1990 04:00,0
23/02/1990 05:00,0
23/02/1990 06:00,0
23/02/1990 07:00,0
23/02/1990 08:00,5.423518683
23/02/1990 09:00,11.35676157
23/02/1990 10:00,16.53380783
23/02/1990 11:00,20.84119217
23/02/1990 12:00,21.86227758
23/02/1990 13:00,19.61752669
23/02/1990 14:00,14.23176157
23/02/1990 15:00,9.266094306
23/02/1990 16:00,3.647464413
23/02/1990 17:00,0
23/02/1990 18:00,0
23/02/1990 19:00,0
23/02/1990 20:00,0
23/02/1990 21:00,0
23/02/1990 22:00,0
23/02/1990 23:00,0
24/02/1990 00:00,0
24/02/1990 01:00,0
24/02/1990 02:00,0
24/02/1990 03:00,0
24/02/1990 04:00,0
24/02/1990 05:00,0
24/02/1990 06:00,0
24/02/1990 07:00,0
24/02/1990 08:00,8.518798932
24/02/1990 09:00,33.21290036
24/02/1990 10:00,39.56859431
24/02/1990 11:00,17.36868327
24/02/1990 12:00,7.582019573
24/02/1990 13:00,25.23042705
24/02/1990 14:00,10.52597865
24/02/1990 15:00,12.54154804
24/02/1990 16:00,13.9647242
24/02/1990 17:00,0
24/02/1990 18:00,0
24/02/1990 19:00,0
24/02/1990 20:00,0
24/02/1990 21:00,0
24/02/1990 22:00,0
24/02/1990 23:00,0
25/02/1990 00:00,0
25/02/1990 01:00,0
25/02/1990 02:00,0
25/02/1990 03:00,0
25/02/1990 04:00,0
25/02/1990 05:00,0
25/02/1990 06:00,0
25/02/1990 07:00,0.19495774
25/02/1990 08:00,17.65413701
25/02/1990 09:00,36.26080961
25/02/1990 10:00,52.07842527
25/02/1990 11:00,63.58558719
25/02/1990 12:00,72.50013345
25/02/1990 13:00,67.79270463
25/02/1990 14:00,58.8341637
25/02/1990 15:00,35.99991103
25/02/1990 16:00,15.58331851
25/02/1990 17:00,0
25/02/1990 18:00,0
25/02/1990 19:00,0
25/02/1990 20:00,0
25/02/1990 21:00,0
25/02/1990 22:00,0
25/02/1990 23:00,0
26/02/1990 00:00,0
26/02/1990 01:00,0
26/02/1990 02:00,0
26/02/1990 03:00,0
26/02/1990 04:00,0
26/02/1990 05:00,0
26/02/1990 06:00,0
26/02/1990 07:00,0
26/02/1990 08:00,7.680649466
26/02/1990 09:00,18.43785587
26/02/1990 10:00,30.69599644
26/02/1990 11:00,31.6894573
26/02/1990 12:00,31.46232206
26/02/1990 13:00,26.21570285
26/02/1990 14:00,21.82135231
26/02/1990 15:00,10.62010676
26/02/1990 16:00,4.180209075
26/02/1990 17:00,0
26/02/1990 18:00,0
26/02/1990 19:00,0
26/02/1990 20:00,0
26/02/1990 21:00,0
26/02/1990 22:00,0
26/02/1990 23:00,0
27/02/1990 00:00,0
27/02/1990 01:00,0
27/02/1990 02:00,0
27/02/1990 03:00,0
27/02/1990 04:00,0
27/02/1990 05:00,0
27/02/1990 06:00,0
27/02/1990 07:00,0.917094306
27/02/1990 08:00,17.37072954
27/02/1990 09:00,30.81263345
27/02/1990 10:00,56.676379
27/02/1990 11:00,58.31645907
27/02/1990 12:00,43.45240214
27/02/1990 13:00,56.87486655
27/02/1990 14:00,31.86441281
27/02/1990 15:00,19.91628114
27/02/1990 16:00,4.693002669
27/02/1990 17:00,0
27/02/1990 18:00,0
27/02/1990 19:00,0
27/02/1990 20:00,0
27/02/1990 21:00,0
27/02/1990 22:00,0
27/02/1990 23:00,0
28/02/1990 00:00,0
28/02/1990 01:00,0
28/02/1990 02:00,0
28/02/1990 03:00,0
28/02/1990 04:00,0
28/02/1990 05:00,0
28/02/1990 06:00,0
28/02/1990 07:00,0.632704626
28/02/1990 08:00,5.1136121
28/02/1990 09:00,16.8172153
28/02/1990 10:00,18.11045374
28/02/1990 11:00,26.488879
28/02/1990 12:00,37.69728648
28/02/1990 13:00,25.18950178
28/02/1990 14:00,21.67811388
28/02/1990 15:00,6.349145907
28/02/1990 16:00,0.105034698
28/02/1990 17:00,0
28/02/1990 18:00,0
28/02/1990 19:00,0
28/02/1990 20:00,0
28/02/1990 21:00,0
28/02/1990 22:00,0
28/02/1990 23:00,0
01/03/1990 00:00,0
01/03/1990 01:00,0
01/03/1990 02:00,0
01/03/1990 03:00,0
01/03/1990 04:00,0
01/03/1990 05:00,0
01/03/1990 06:00,0
01/03/1990 07:00,0
01/03/1990 08:00,0.421867883
01/03/1990 09:00,2.278002669
01/03/1990 10:00,6.459439502
01/03/1990 11:00,8.375048932
01/03/1990 12:00,9.373216192
01/03/1990 13:00,50.86601423
01/03/1990 14:00,40.01672598
01/03/1990 15:00,23.74074733
01/03/1990 16:00,8.459150356
01/03/1990 17:00,0
01/03/1990 18:00,0
01/03/1990 19:00,0
01/03/1990 20:00,0
01/03/1990 21:00,0
01/03/1990 22:00,0
01/03/1990 23:00,0
02/03/1990 00:00,0
02/03/1990 01:00,0
02/03/1990 02:00,0
02/03/1990 03:00,0
02/03/1990 04:00,0
02/03/1990 05:00,0
02/03/1990 06:00,0
02/03/1990 07:00,1.521089858
02/03/1990 08:00,14.59701957
02/03/1990 09:00,41.12170819
02/03/1990 10:00,61.04617438
02/03/1990 11:00,67.45814057
02/03/1990 12:00,47.09884342
02/03/1990 13:00,56.2466637
02/03/1990 14:00,42.06810498
02/03/1990 15:00,30.08620996
02/03/1990 16:00,17.40040036
02/03/1990 17:00,0
02/03/1990 18:00,0
02/03/1990 19:00,0
02/03/1990 20:00,0
02/03/1990 21:00,0
02/03/1990 22:00,0
02/03/1990 23:00,0
03/03/1990 00:00,0
03/03/1990 01:00,0
03/03/1990 02:00,0
03/03/1990 03:00,0
03/03/1990 04:00,0
03/03/1990 05:00,0
03/03/1990 06:00,0
03/03/1990 07:00,5.381161032
03/03/1990 08:00,24.11623665
03/03/1990 09:00,52.62477758
03/03/1990 10:00,67.45609431
03/03/1990 11:00,78.63585409
03/03/1990 12:00,76.30720641
03/03/1990 13:00,63.73394128
03/03/1990 14:00,53.08007117
03/03/1990 15:00,35.28474199
03/03/1990 16:00,17.6377669
03/03/1990 17:00,0
03/03/1990 18:00,0
03/03/1990 19:00,0
03/03/1990 20:00,0
03/03/1990 21:00,0
03/03/1990 22:00,0
03/03/1990 23:00,0
04/03/1990 00:00,0
04/03/1990 01:00,0
04/03/1990 02:00,0
04/03/1990 03:00,0
04/03/1990 04:00,0
04/03/1990 05:00,0
04/03/1990 06:00,0
04/03/1990 07:00,5.888122776
04/03/1990 08:00,22.88950178
04/03/1990 09:00,50.31863879
04/03/1990 10:00,65.12437722
04/03/1990 11:00,75.98287367
04/03/1990 12:00,81.70217972
04/03/1990 13:00,77.49813167
04/03/1990 14:00,66.16490214
04/03/1990 15:00,44.83772242
04/03/1990 16:00,22.50480427
04/03/1990 17:00,0
04/03/1990 18:00,0
04/03/1990 19:00,0
04/03/1990 20:00,0
04/03/1990 21:00,0
04/03/1990 22:00,0
04/03/1990 23:00,0
05/03/1990 00:00,0
05/03/1990 01:00,0
05/03/1990 02:00,0
05/03/1990 03:00,0
05/03/1990 04:00,0
05/03/1990 05:00,0
05/03/1990 06:00,0
05/03/1990 07:00,5.402646797
05/03/1990 08:00,18.18207295
05/03/1990 09:00,42.66152135
05/03/1990 10:00,55.67370996
05/03/1990 11:00,75.16743772
05/03/1990 12:00,74.60880783
05/03/1990 13:00,54.18300712
05/03/1990 14:00,45.50991993
05/03/1990 15:00,34.98701068
05/03/1990 16:00,19.95004448
05/03/1990 17:00,0.1763879
05/03/1990 18:00,0
05/03/1990 19:00,0
05/03/1990 20:00,0
05/03/1990 21:00,0
05/03/1990 22:00,0
05/03/1990 23:00,0
06/03/1990 00:00,0
06/03/1990 01:00,0
06/03/1990 02:00,0
06/03/1990 03:00,0
06/03/1990 04:00,0
06/03/1990 05:00,0
06/03/1990 06:00,0
06/03/1990 07:00,4.067869217
06/03/1990 08:00,17.02491103
06/03/1990 09:00,37.52744662
06/03/1990 10:00,45.77184164
06/03/1990 11:00,37.57655694
06/03/1990 12:00,71.32557829
06/03/1990 13:00,77.34261566
06/03/1990 14:00,48.63354093
06/03/1990 15:00,26.66895018
06/03/1990 16:00,11.23807829
06/03/1990 17:00,0
06/03/1990 18:00,0
06/03/1990 19:00,0
06/03/1990 20:00,0
06/03/1990 21:00,0
06/03/1990 22:00,0
06/03/1990 23:00,0
07/03/1990 00:00,0
07/03/1990 01:00,0
07/03/1990 02:00,0
07/03/1990 03:00,0
07/03/1990 04:00,0
07/03/1990 05:00,0
07/03/1990 06:00,0
07/03/1990 07:00,0
07/03/1990 08:00,0.892170819
07/03/1990 09:00,1.993469751
07/03/1990 10:00,2.900987544
07/03/1990 11:00,3.466677046
07/03/1990 12:00,3.587099644
07/03/1990 13:00,45.27255338
07/03/1990 14:00,35.57735765
07/03/1990 15:00,23.7397242
07/03/1990 16:00,10.59350534
07/03/1990 17:00,0
07/03/1990 18:00,0
07/03/1990 19:00,0
07/03/1990 20:00,0
07/03/1990 21:00,0
07/03/1990 22:00,0
07/03/1990 23:00,0
08/03/1990 00:00,0
08/03/1990 01:00,0
08/03/1990 02:00,0
08/03/1990 03:00,0
08/03/1990 04:00,0
08/03/1990 05:00,0
08/03/1990 06:00,0
08/03/1990 07:00,0.816643238
08/03/1990 08:00,6.158434164
08/03/1990 09:00,2.167095196
08/03/1990 10:00,35.68171708
08/03/1990 11:00,81.85053381
08/03/1990 12:00,46.30489324
08/03/1990 13:00,28.56481317
08/03/1990 14:00,39.40591637
08/03/1990 15:00,11.75885231
08/03/1990 16:00,4.247224199
08/03/1990 17:00,0
08/03/1990 18:00,0
08/03/1990 19:00,0
08/03/1990 20:00,0
08/03/1990 21:00,0
08/03/1990 22:00,0
08/03/1990 23:00,0
09/03/1990 00:00,0
09/03/1990 01:00,0
09/03/1990 02:00,0
09/03/1990 03:00,0
09/03/1990 04:00,0
09/03/1990 05:00,0
09/03/1990 06:00,0
09/03/1990 07:00,7.485129004
09/03/1990 08:00,24.26356762
09/03/1990 09:00,45.2827847
09/03/1990 10:00,57.28514235
09/03/1990 11:00,67.08469751
09/03/1990 12:00,70.81298932
09/03/1990 13:00,68.70840747
09/03/1990 14:00,56.93830071
09/03/1990 15:00,40.09346085
09/03/1990 16:00,20.89644128
09/03/1990 17:00,0.703423488
09/03/1990 18:00,0
09/03/1990 19:00,0
09/03/1990 20:00,0
09/03/1990 21:00,0
09/03/1990 22:00,0
09/03/1990 23:00,0
10/03/1990 00:00,0
10/03/1990 01:00,0
10/03/1990 02:00,0
10/03/1990 03:00,0
10/03/1990 04:00,0
10/03/1990 05:00,0
10/03/1990 06:00,0
10/03/1990 07:00,0
10/03/1990 08:00,1.31411032
10/03/1990 09:00,2.534297153
10/03/1990 10:00,15.83705516
10/03/1990 11:00,19.55409253
10/03/1990 12:00,12.24074733
10/03/1990 13:00,73.36365658
10/03/1990 14:00,77.32112989
10/03/1990 15:00,61.96801601
10/03/1990 16:00,32.83229537
10/03/1990 17:00,6.467931495
10/03/1990 18:00,0
10/03/1990 19:00,0
10/03/1990 20:00,0
10/03/1990 21:00,0
10/03/1990 22:00,0
10/03/1990 23:00,0
11/03/1990 00:00,0
11/03/1990 01:00,0
11/03/1990 02:00,0
11/03/1990 03:00,0
11/03/1990 04:00,0
11/03/1990 05:00,0
11/03/1990 06:00,0
11/03/1990 07:00,10.47891459
11/03/1990 08:00,30.85048932
11/03/1990 09:00,53.7625
11/03/1990 10:00,71.37571174
11/03/1990 11:00,79.90760676
11/03/1990 12:00,81.16708185
11/03/1990 13:00,73.02397687
11/03/1990 14:00,56.03896797
11/03/1990 15:00,46.70800712
11/03/1990 16:00,25.69390569
11/03/1990 17:00,1.169439502
11/03/1990 18:00,0
11/03/1990 19:00,0
11/03/1990 20:00,0
11/03/1990 21:00,0
11/03/1990 22:00,0
11/03/1990 23:00,0
12/03/1990 00:00,0
12/03/1990 01:00,0
12/03/1990 02:00,0
12/03/1990 03:00,0
12/03/1990 04:00,0
12/03/1990 05:00,0
12/03/1990 06:00,0
12/03/1990 07:00,2.20761121
12/03/1990 08:00,5.309951068
12/03/1990 09:00,7.906147687
12/03/1990 10:00,10.62215302
12/03/1990 11:00,11.15520463
12/03/1990 12:00,13.72121886
12/03/1990 13:00,12.23051601
12/03/1990 14:00,9.773362989
12/03/1990 15:00,6.499853203
12/03/1990 16:00,2.890858541
12/03/1990 17:00,0
12/03/1990 18:00,0
12/03/1990 19:00,0
12/03/1990 20:00,0
12/03/1990 21:00,0
12/03/1990 22:00,0
12/03/1990 23:00,0
13/03/1990 00:00,0
13/03/1990 01:00,0
13/03/1990 02:00,0
13/03/1990 03:00,0
13/03/1990 04:00,0
13/03/1990 05:00,0
13/03/1990 06:00,0
13/03/1990 07:00,3.230231317
13/03/1990 08:00,5.746623665
13/03/1990 09:00,11.07540036
13/03/1990 10:00,19.12949288
13/03/1990 11:00,39.43149466
13/03/1990 12:00,36.03162811
13/03/1990 13:00,29.73936833
13/03/1990 14:00,38.486121
13/03/1990 15:00,37.93260676
13/03/1990 16:00,31.66080961
13/03/1990 17:00,2.553532028
13/03/1990 18:00,0
13/03/1990 19:00,0
13/03/1990 20:00,0
13/03/1990 21:00,0
13/03/1990 22:00,0
13/03/1990 23:00,0
14/03/1990 00:00,0
14/03/1990 01:00,0
14/03/1990 02:00,0
14/03/1990 03:00,0
14/03/1990 04:00,0
14/03/1990 05:00,0
14/03/1990 06:00,0
14/03/1990 07:00,3.537784698
14/03/1990 08:00,17.42086299
14/03/1990 09:00,17.74314947
14/03/1990 10:00,40.34617438
14/03/1990 11:00,54.20244662
14/03/1990 12:00,73.26645907
14/03/1990 13:00,76.33585409
14/03/1990 14:00,54.14208185
14/03/1990 15:00,54.23211744
14/03/1990 16:00,28.83491993
14/03/1990 17:00,6.663247331
14/03/1990 18:00,0
14/03/1990 19:00,0
14/03/1990 20:00,0
14/03/1990 21:00,0
14/03/1990 22:00,0
14/03/1990 23:00,0
15/03/1990 00:00,0
15/03/1990 01:00,0
15/03/1990 02:00,0
15/03/1990 03:00,0
15/03/1990 04:00,0
15/03/1990 05:00,0
15/03/1990 06:00,0
15/03/1990 07:00,9.669719751
15/03/1990 08:00,19.03536477
15/03/1990 09:00,26.76819395
15/03/1990 10:00,51.73567616
15/03/1990 11:00,61.66107651
15/03/1990 12:00,81.85053381
15/03/1990 13:00,73.53349644
15/03/1990 14:00,58.01668149
15/03/1990 15:00,49.1819395
15/03/1990 16:00,27.54475089
15/03/1990 17:00,6.498523132
15/03/1990 18:00,0
15/03/1990 19:00,0
15/03/1990 20:00,0
15/03/1990 21:00,0
15/03/1990 22:00,0
15/03/1990 23:00,0
16/03/1990 00:00,0
16/03/1990 01:00,0
16/03/1990 02:00,0
16/03/1990 03:00,0
16/03/1990 04:00,0
16/03/1990 05:00,0
16/03/1990 06:00,0
16/03/1990 07:00,3.183678826
16/03/1990 08:00,8.465493772
16/03/1990 09:00,13.55854093
16/03/1990 10:00,16.5716637
16/03/1990 11:00,19.08754448
16/03/1990 12:00,18.49822064
16/03/1990 13:00,17.78714413
16/03/1990 14:00,14.47117438
16/03/1990 15:00,10.76232206
16/03/1990 16:00,6.301058719
16/03/1990 17:00,1.564266014
16/03/1990 18:00,0
16/03/1990 19:00,0
16/03/1990 20:00,0
16/03/1990 21:00,0
16/03/1990 22:00,0
16/03/1990 23:00,0
17/03/1990 00:00,0
17/03/1990 01:00,0
17/03/1990 02:00,0
17/03/1990 03:00,0
17/03/1990 04:00,0
17/03/1990 05:00,0
17/03/1990 06:00,0
17/03/1990 07:00,0.293352313
17/03/1990 08:00,1.465022242
17/03/1990 09:00,2.606018683
17/03/1990 10:00,3.491129893
17/03/1990 11:00,4.018963523
17/03/1990 12:00,4.135293594
17/03/1990 13:00,47.15
17/03/1990 14:00,38.59150356
17/03/1990 15:00,28.42464413
17/03/1990 16:00,15.38176157
17/03/1990 17:00,3.912762456
17/03/1990 18:00,0
17/03/1990 19:00,0
17/03/1990 20:00,0
17/03/1990 21:00,0
17/03/1990 22:00,0
17/03/1990 23:00,0
18/03/1990 00:00,0
18/03/1990 01:00,0
18/03/1990 02:00,0
18/03/1990 03:00,0
18/03/1990 04:00,0
18/03/1990 05:00,0
18/03/1990 06:00,0
18/03/1990 07:00,11.40894128
18/03/1990 08:00,22.67975979
18/03/1990 09:00,29.21859431
18/03/1990 10:00,19.74746441
18/03/1990 11:00,25.81156584
18/03/1990 12:00,25.49848754
18/03/1990 13:00,50.35751779
18/03/1990 14:00,21.45097865
18/03/1990 15:00,32.81183274
18/03/1990 16:00,31.87566726
18/03/1990 17:00,8.834128114
18/03/1990 18:00,0
18/03/1990 19:00,0
18/03/1990 20:00,0
18/03/1990 21:00,0
18/03/1990 22:00,0
18/03/1990 23:00,0
19/03/1990 00:00,0
19/03/1990 01:00,0
19/03/1990 02:00,0
19/03/1990 03:00,0
19/03/1990 04:00,0
19/03/1990 05:00,0
19/03/1990 06:00,0
19/03/1990 07:00,16.19617438
19/03/1990 08:00,39.06419039
19/03/1990 09:00,60.40262456
19/03/1990 10:00,76.69292705
19/03/1990 11:00,81.85053381
19/03/1990 12:00,81.85053381
19/03/1990 13:00,81.85053381
19/03/1990 14:00,73.4577847
19/03/1990 15:00,55.8363879
19/03/1990 16:00,31.2116548
19/03/1990 17:00,8.698563167
19/03/1990 18:00,0
19/03/1990 19:00,0
19/03/1990 20:00,0
19/03/1990 21:00,0
19/03/1990 22:00,0
19/03/1990 23:00,0
20/03/1990 00:00,0
20/03/1990 01:00,0
20/03/1990 02:00,0
20/03/1990 03:00,0
20/03/1990 04:00,0
20/03/1990 05:00,0
20/03/1990 06:00,0
20/03/1990 07:00,0.399440836
20/03/1990 08:00,26.61779359
20/03/1990 09:00,37.81085409
20/03/1990 10:00,68.53856762
20/03/1990 11:00,81.85053381
20/03/1990 12:00,56.04408363
20/03/1990 13:00,15.25591637
20/03/1990 14:00,3.089653025
20/03/1990 15:00,2.097112989
20/03/1990 16:00,0.936830516
20/03/1990 17:00,0
20/03/1990 18:00,0
20/03/1990 19:00,0
20/03/1990 20:00,0
20/03/1990 21:00,0
20/03/1990 22:00,0
20/03/1990 23:00,0
21/03/1990 00:00,0
21/03/1990 01:00,0
21/03/1990 02:00,0
21/03/1990 03:00,0
21/03/1990 04:00,0
21/03/1990 05:00,0
21/03/1990 06:00,0.414583185
21/03/1990 07:00,18.23629893
21/03/1990 08:00,41.09408363
21/03/1990 09:00,64.82357651
21/03/1990 10:00,78.93870107
21/03/1990 11:00,81.85053381
21/03/1990 12:00,81.85053381
21/03/1990 13:00,81.72264235
21/03/1990 14:00,72.4919484
21/03/1990 15:00,53.61619217
21/03/1990 16:00,32.13963523
21/03/1990 17:00,9.058705516
21/03/1990 18:00,0
21/03/1990 19:00,0
21/03/1990 20:00,0
21/03/1990 21:00,0
21/03/1990 22:00,0
21/03/1990 23:00,0
22/03/1990 00:00,0
22/03/1990 01:00,0
22/03/1990 02:00,0
22/03/1990 03:00,0
22/03/1990 04:00,0
22/03/1990 05:00,0
22/03/1990 06:00,0
22/03/1990 07:00,5.513349644
22/03/1990 08:00,8.294323843
22/03/1990 09:00,17.79328292
22/03/1990 10:00,22.03314057
22/03/1990 11:00,18.80925267
22/03/1990 12:00,34.93994662
22/03/1990 13:00,19.78020463
22/03/1990 14:00,17.42904804
22/03/1990 15:00,9.317660142
22/03/1990 16:00,7.641770463
22/03/1990 17:00,2.308798932
22/03/1990 18:00,0
22/03/1990 19:00,0
22/03/1990 20:00,0
22/03/1990 21:00,0
22/03/1990 22:00,0
22/03/1990 23:00,0
23/03/1990 00:00,0
23/03/1990 01:00,0
23/03/1990 02:00,0
23/03/1990 03:00,0
23/03/1990 04:00,0
23/03/1990 05:00,0
23/03/1990 06:00,0.85845863
23/03/1990 07:00,10.37660142
23/03/1990 08:00,6.607691281
23/03/1990 09:00,16.83767794
23/03/1990 10:00,21.22998221
23/03/1990 11:00,14.0455516
23/03/1990 12:00,46.37753559
23/03/1990 13:00,53.69701957
23/03/1990 14:00,21.25351423
23/03/1990 15:00,9.232433274
23/03/1990 16:00,13.69052491
23/03/1990 17:00,3.708238434
23/03/1990 18:00,0
23/03/1990 19:00,0
23/03/1990 20:00,0
23/03/1990 21:00,0
23/03/1990 22:00,0
23/03/1990 23:00,0
24/03/1990 00:00,0
24/03/1990 01:00,0
24/03/1990 02:00,0
24/03/1990 03:00,0
24/03/1990 04:00,0
24/03/1990 05:00,0
24/03/1990 06:00,0.307696619
24/03/1990 07:00,10.17350979
24/03/1990 08:00,18.44297153
24/03/1990 09:00,22.79128114
24/03/1990 10:00,25.83202847
24/03/1990 11:00,28.84822064
24/03/1990 12:00,32.6522242
24/03/1990 13:00,36.33140569
24/03/1990 14:00,31.53189502
24/03/1990 15:00,20.75627224
24/03/1990 16:00,10.82882562
24/03/1990 17:00,3.346356762
24/03/1990 18:00,0
24/03/1990 19:00,0
24/03/1990 20:00,0
24/03/1990 21:00,0
24/03/1990 22:00,0
24/03/1990 23:00,0
25/03/1990 00:00,0
25/03/1990 01:00,0
25/03/1990 02:00,0
25/03/1990 03:00,0
25/03/1990 04:00,0
25/03/1990 05:00,0
25/03/1990 06:00,0
25/03/1990 07:00,4.533496441
25/03/1990 08:00,5.223803381
25/03/1990 09:00,11.21045374
25/03/1990 10:00,8.107602313
25/03/1990 11:00,14.4558274
25/03/1990 12:00,27.38207295
25/03/1990 13:00,27.53247331
25/03/1990 14:00,18.67522242
25/03/1990 15:00,27.81895018
25/03/1990 16:00,24.73011566
25/03/1990 17:00,9.553798932
25/03/1990 18:00,0
25/03/1990 19:00,0
25/03/1990 20:00,0
25/03/1990 21:00,0
25/03/1990 22:00,0
25/03/1990 23:00,0
26/03/1990 00:00,0
26/03/1990 01:00,0
26/03/1990 02:00,0
26/03/1990 03:00,0
26/03/1990 04:00,0
26/03/1990 05:00,0
26/03/1990 06:00,1.016215302
26/03/1990 07:00,12.02077402
26/03/1990 08:00,18.1155694
26/03/1990 09:00,25.71948399
26/03/1990 10:00,37.38011566
26/03/1990 11:00,47.53674377
26/03/1990 12:00,49.42544484
26/03/1990 13:00,45.425
26/03/1990 14:00,43.27949288
26/03/1990 15:00,24.29630783
26/03/1990 16:00,13.89310498
26/03/1990 17:00,4.557949288
26/03/1990 18:00,0
26/03/1990 19:00,0
26/03/1990 20:00,0
26/03/1990 21:00,0
26/03/1990 22:00,0
26/03/1990 23:00,0
27/03/1990 00:00,0
27/03/1990 01:00,0
27/03/1990 02:00,0
27/03/1990 03:00,0
27/03/1990 04:00,0
27/03/1990 05:00,0
27/03/1990 06:00,0.487747331
27/03/1990 07:00,1.307357651
27/03/1990 08:00,2.471783808
27/03/1990 09:00,3.801241103
27/03/1990 10:00,5.81558274
27/03/1990 11:00,4.598158363
27/03/1990 12:00,10.81654804
27/03/1990 13:00,63.67869217
27/03/1990 14:00,55.50796263
27/03/1990 15:00,40.99586299
27/03/1990 16:00,23.85431495
27/03/1990 17:00,8.477566726
27/03/1990 18:00,0
27/03/1990 19:00,0
27/03/1990 20:00,0
27/03/1990 21:00,0
27/03/1990 22:00,0
27/03/1990 23:00,0
28/03/1990 00:00,0
28/03/1990 01:00,0
28/03/1990 02:00,0
28/03/1990 03:00,0
28/03/1990 04:00,0
28/03/1990 05:00,0
28/03/1990 06:00,3.613598754
28/03/1990 07:00,17.36049822
28/03/1990 08:00,32.96427936
28/03/1990 09:00,53.73487544
28/03/1990 10:00,62.91645907
28/03/1990 11:00,77.59225979
28/03/1990 12:00,81.85053381
28/03/1990 13:00,81.47913701
28/03/1990 14:00,66.58643238
28/03/1990 15:00,40.14257117
28/03/1990 16:00,16.79368327
28/03/1990 17:00,6.02297153
28/03/1990 18:00,0
28/03/1990 19:00,0
28/03/1990 20:00,0
28/03/1990 21:00,0
28/03/1990 22:00,0
28/03/1990 23:00,0
29/03/1990 00:00,0
29/03/1990 01:00,0
29/03/1990 02:00,0
29/03/1990 03:00,0
29/03/1990 04:00,0
29/03/1990 05:00,0
29/03/1990 06:00,2.861801601
29/03/1990 07:00,11.11325623
29/03/1990 08:00,30.52104093
29/03/1990 09:00,30.23456406
29/03/1990 10:00,55.73202847
29/03/1990 11:00,42.50191281
29/03/1990 12:00,62.81516904
29/03/1990 13:00,41.51152135
29/03/1990 14:00,37.96534698
29/03/1990 15:00,19.28091637
29/03/1990 16:00,14.81801601
29/03/1990 17:00,5.096321174
29/03/1990 18:00,0
29/03/1990 19:00,0
29/03/1990 20:00,0
29/03/1990 21:00,0
29/03/1990 22:00,0
29/03/1990 23:00,0
30/03/1990 00:00,0
30/03/1990 01:00,0
30/03/1990 02:00,0
30/03/1990 03:00,0
30/03/1990 04:00,0
30/03/1990 05:00,0
30/03/1990 06:00,1.543803381
30/03/1990 07:00,7.787873665
30/03/1990 08:00,14.7627669
30/03/1990 09:00,24.45182384
30/03/1990 10:00,32.30640569
30/03/1990 11:00,71.81975089
30/03/1990 12:00,72.70169039
30/03/1990 13:00,73.31454626
30/03/1990 14:00,58.58042705
30/03/1990 15:00,65.8405694
30/03/1990 16:00,41.73354093
30/03/1990 17:00,14.82210854
30/03/1990 18:00,0.310356762
30/03/1990 19:00,0
30/03/1990 20:00,0
30/03/1990 21:00,0
30/03/1990 22:00,0
30/03/1990 23:00,0
31/03/1990 00:00,0
31/03/1990 01:00,0
31/03/1990 02:00,0
31/03/1990 03:00,0
31/03/1990 04:00,0
31/03/1990 05:00,0
31/03/1990 06:00,0.455324288
31/03/1990 07:00,2.578291815
31/03/1990 08:00,5.059795374
31/03/1990 09:00,7.535364769
31/03/1990 10:00,9.595645018
31/03/1990 11:00,10.6405694
31/03/1990 12:00,11.88572064
31/03/1990 13:00,11.28821174
31/03/1990 14:00,9.748398577
31/03/1990 15:00,7.333296263
31/03/1990 16:00,5.343714413
31/03/1990 17:00,1.840818505
31/03/1990 18:00,0
31/03/1990 19:00,0
31/03/1990 20:00,0
31/03/1990 21:00,0
31/03/1990 22:00,0
31/03/1990 23:00,0
01/04/1990 00:00,0
01/04/1990 01:00,0
01/04/1990 02:00,0
01/04/1990 03:00,0
01/04/1990 04:00,0
01/04/1990 05:00,0
01/04/1990 06:00,4.8836121
01/04/1990 07:00,24.01290036
01/04/1990 08:00,49.08883452
01/04/1990 09:00,68.82811388
01/04/1990 10:00,81.83314057
01/04/1990 11:00,81.85053381
01/04/1990 12:00,81.85053381
01/04/1990 13:00,81.85053381
01/04/1990 14:00,74.56685943
01/04/1990 15:00,55.98883452
01/04/1990 16:00,34.21045374
01/04/1990 17:00,13.23727758
01/04/1990 18:00,0
01/04/1990 19:00,0
01/04/1990 20:00,0
01/04/1990 21:00,0
01/04/1990 22:00,0
01/04/1990 23:00,0
02/04/1990 00:00,0
02/04/1990 01:00,0
02/04/1990 02:00,0
02/04/1990 03:00,0
02/04/1990 04:00,0
02/04/1990 05:00,0
02/04/1990 06:00,5.878096085
02/04/1990 07:00,27.43732206
02/04/1990 08:00,52.25747331
02/04/1990 09:00,71.98754448
02/04/1990 10:00,81.85053381
02/04/1990 11:00,81.85053381
02/04/1990 12:00,81.85053381
02/04/1990 13:00,81.85053381
02/04/1990 14:00,79.81245552
02/04/1990 15:00,63.05355872
02/04/1990 16:00,39.49492883
02/04/1990 17:00,15.18634342
02/04/1990 18:00,0
02/04/1990 19:00,0
02/04/1990 20:00,0
02/04/1990 21:00,0
02/04/1990 22:00,0
02/04/1990 23:00,0
03/04/1990 00:00,0
03/04/1990 01:00,0
03/04/1990 02:00,0
03/04/1990 03:00,0
03/04/1990 04:00,0
03/04/1990 05:00,0
03/04/1990 06:00,6.689746441
03/04/1990 07:00,31.07967082
03/04/1990 08:00,58.35840747
03/04/1990 09:00,79.50551601
03/04/1990 10:00,81.85053381
03/04/1990 11:00,81.85053381
03/04/1990 12:00,81.85053381
03/04/1990 13:00,81.85053381
03/04/1990 14:00,81.85053381
03/04/1990 15:00,68.22753559
03/04/1990 16:00,43.7
03/04/1990 17:00,16.97887011
03/04/1990 18:00,0
03/04/1990 19:00,0
03/04/1990 20:00,0
03/04/1990 21:00,0
03/04/1990 22:00,0
03/04/1990 23:00,0
04/04/1990 00:00,0
04/04/1990 01:00,0
04/04/1990 02:00,0
04/04/1990 03:00,0
04/04/1990 04:00,0
04/04/1990 05:00,0
04/04/1990 06:00,5.972326512
04/04/1990 07:00,24.11009786
04/04/1990 08:00,42.55204626
04/04/1990 09:00,62.43047153
04/04/1990 10:00,71.626379
04/04/1990 11:00,68.52219751
04/04/1990 12:00,79.07989324
04/04/1990 13:00,77.18403025
04/04/1990 14:00,67.81009786
04/04/1990 15:00,49.2852758
04/04/1990 16:00,27.80974199
04/04/1990 17:00,11.15008897
04/04/1990 18:00,0
04/04/1990 19:00,0
04/04/1990 20:00,0
04/04/1990 21:00,0
04/04/1990 22:00,0
04/04/1990 23:00,0
05/04/1990 00:00,0
05/04/1990 01:00,0
05/04/1990 02:00,0
05/04/1990 03:00,0
05/04/1990 04:00,0
05/04/1990 05:00,0
05/04/1990 06:00,6.931614769
05/04/1990 07:00,27.45983096
05/04/1990 08:00,40.65004448
05/04/1990 09:00,57.7680605
05/04/1990 10:00,76.27651246
05/04/1990 11:00,81.85053381
05/04/1990 12:00,81.85053381
05/04/1990 13:00,67.89297153
05/04/1990 14:00,47.29937722
05/04/1990 15:00,33.0594306
05/04/1990 16:00,18.66396797
05/04/1990 17:00,5.353741103
05/04/1990 18:00,0
05/04/1990 19:00,0
05/04/1990 20:00,0
05/04/1990 21:00,0
05/04/1990 22:00,0
05/04/1990 23:00,0
06/04/1990 00:00,0
06/04/1990 01:00,0
06/04/1990 02:00,0
06/04/1990 03:00,0
06/04/1990 04:00,0
06/04/1990 05:00,0
06/04/1990 06:00,6.589991103
06/04/1990 07:00,17.94266014
06/04/1990 08:00,24.55004448
06/04/1990 09:00,45.86903915
06/04/1990 10:00,70.88153915
06/04/1990 11:00,81.84541815
06/04/1990 12:00,81.85053381
06/04/1990 13:00,71.33376335
06/04/1990 14:00,74.06143238
06/04/1990 15:00,51.9955516
06/04/1990 16:00,29.08354093
06/04/1990 17:00,11.54604093
06/04/1990 18:00,0
06/04/1990 19:00,0
06/04/1990 20:00,0
06/04/1990 21:00,0
06/04/1990 22:00,0
06/04/1990 23:00,0
07/04/1990 00:00,0
07/04/1990 01:00,0
07/04/1990 02:00,0
07/04/1990 03:00,0
07/04/1990 04:00,0
07/04/1990 05:00,0
07/04/1990 06:00,7.6513879
07/04/1990 07:00,27.82099644
07/04/1990 08:00,49.95133452
07/04/1990 09:00,69.09822064
07/04/1990 10:00,81.85053381
07/04/1990 11:00,81.85053381
07/04/1990 12:00,81.85053381
07/04/1990 13:00,81.85053381
07/04/1990 14:00,73.16926157
07/04/1990 15:00,54.53701068
07/04/1990 16:00,36.92175267
07/04/1990 17:00,14.66352313
07/04/1990 18:00,0.265410587
07/04/1990 19:00,0
07/04/1990 20:00,0
07/04/1990 21:00,0
07/04/1990 22:00,0
07/04/1990 23:00,0
08/04/1990 00:00,0
08/04/1990 01:00,0
08/04/1990 02:00,0
08/04/1990 03:00,0
08/04/1990 04:00,0
08/04/1990 05:00,0
08/04/1990 06:00,8.209813167
08/04/1990 07:00,29.60840747
08/04/1990 08:00,52.24826512
08/04/1990 09:00,73.78007117
08/04/1990 10:00,81.85053381
08/04/1990 11:00,81.85053381
08/04/1990 12:00,81.85053381
08/04/1990 13:00,81.85053381
08/04/1990 14:00,77.7897242
08/04/1990 15:00,60.86712633
08/04/1990 16:00,39.5911032
08/04/1990 17:00,16.50311388
08/04/1990 18:00,0.493650801
08/04/1990 19:00,0
08/04/1990 20:00,0
08/04/1990 21:00,0
08/04/1990 22:00,0
08/04/1990 23:00,0
09/04/1990 00:00,0
09/04/1990 01:00,0
09/04/1990 02:00,0
09/04/1990 03:00,0
09/04/1990 04:00,0
09/04/1990 05:00,0
09/04/1990 06:00,8.196717082
09/04/1990 07:00,25.01352313
09/04/1990 08:00,37.97148577
09/04/1990 09:00,57.21454626
09/04/1990 10:00,59.7969306
09/04/1990 11:00,64.92384342
09/04/1990 12:00,70.92348754
09/04/1990 13:00,78.50080071
09/04/1990 14:00,74.89937722
09/04/1990 15:00,65.82112989
09/04/1990 16:00,47.77104093
09/04/1990 17:00,19.9183274
09/04/1990 18:00,1.084519573
09/04/1990 19:00,0
09/04/1990 20:00,0
09/04/1990 21:00,0
09/04/1990 22:00,0
09/04/1990 23:00,0
10/04/1990 00:00,0
10/04/1990 01:00,0
10/04/1990 02:00,0
10/04/1990 03:00,0
10/04/1990 04:00,0
10/04/1990 05:00,0.237622331
10/04/1990 06:00,11.43247331
10/04/1990 07:00,18.55040036
10/04/1990 08:00,36.6577847
10/04/1990 09:00,34.86218861
10/04/1990 10:00,17.21214413
10/04/1990 11:00,43.86063167
10/04/1990 12:00,45.05564947
10/04/1990 13:00,42.76690391
10/04/1990 14:00,10.04561833
10/04/1990 15:00,25.9752669
10/04/1990 16:00,33.04919929
10/04/1990 17:00,9.937370996
10/04/1990 18:00,0.759767349
10/04/1990 19:00,0
10/04/1990 20:00,0
10/04/1990 21:00,0
10/04/1990 22:00,0
10/04/1990 23:00,0
11/04/1990 00:00,0
11/04/1990 01:00,0
11/04/1990 02:00,0
11/04/1990 03:00,0
11/04/1990 04:00,0
11/04/1990 05:00,0
11/04/1990 06:00,3.602241993
11/04/1990 07:00,8.956596975
11/04/1990 08:00,15.35925267
11/04/1990 09:00,19.81294484
11/04/1990 10:00,23.52384342
11/04/1990 11:00,24.96645907
11/04/1990 12:00,25.77370996
11/04/1990 13:00,22.72682384
11/04/1990 14:00,19.01592527
11/04/1990 15:00,14.16321174
11/04/1990 16:00,9.326049822
11/04/1990 17:00,4.826725979
11/04/1990 18:00,0
11/04/1990 19:00,0
11/04/1990 20:00,0
11/04/1990 21:00,0
11/04/1990 22:00,0
11/04/1990 23:00,0
12/04/1990 00:00,0
12/04/1990 01:00,0
12/04/1990 02:00,0
12/04/1990 03:00,0
12/04/1990 04:00,0
12/04/1990 05:00,0
12/04/1990 06:00,0
12/04/1990 07:00,0
12/04/1990 08:00,0
12/04/1990 09:00,0
12/04/1990 10:00,0
12/04/1990 11:00,0
12/04/1990 12:00,0
12/04/1990 13:00,0
12/04/1990 14:00,0
12/04/1990 15:00,0
12/04/1990 16:00,0
12/04/1990 17:00,0
12/04/1990 18:00,0
12/04/1990 19:00,0
12/04/1990 20:00,0
12/04/1990 21:00,0
12/04/1990 22:00,0
12/04/1990 23:00,0
13/04/1990 00:00,0
13/04/1990 01:00,0
13/04/1990 02:00,0
13/04/1990 03:00,0
13/04/1990 04:00,0
13/04/1990 05:00,0
13/04/1990 06:00,0
13/04/1990 07:00,0
13/04/1990 08:00,0
13/04/1990 09:00,0
13/04/1990 10:00,0
13/04/1990 11:00,15.10858541
13/04/1990 12:00,20.43296263
13/04/1990 13:00,19.30342527
13/04/1990 14:00,14.06601423
13/04/1990 15:00,13.64857651
13/04/1990 16:00,7.358874555
13/04/1990 17:00,3.973024911
13/04/1990 18:00,0.092095151
13/04/1990 19:00,0
13/04/1990 20:00,0
13/04/1990 21:00,0
13/04/1990 22:00,0
13/04/1990 23:00,0
14/04/1990 00:00,0
14/04/1990 01:00,0
14/04/1990 02:00,0
14/04/1990 03:00,0
14/04/1990 04:00,0
14/04/1990 05:00,0.117823843
14/04/1990 06:00,10.4338968
14/04/1990 07:00,22.84857651
14/04/1990 08:00,38.57206406
14/04/1990 09:00,69.75302491
14/04/1990 10:00,80.15725089
14/04/1990 11:00,71.14857651
14/04/1990 12:00,76.59675267
14/04/1990 13:00,52.14697509
14/04/1990 14:00,54.75698399
14/04/1990 15:00,34.37517794
14/04/1990 16:00,20.3930605
14/04/1990 17:00,6.792673488
14/04/1990 18:00,0
14/04/1990 19:00,0
14/04/1990 20:00,0
14/04/1990 21:00,0
14/04/1990 22:00,0
14/04/1990 23:00,0
15/04/1990 00:00,0
15/04/1990 01:00,0
15/04/1990 02:00,0
15/04/1990 03:00,0
15/04/1990 04:00,0
15/04/1990 05:00,0
15/04/1990 06:00,1.090658363
15/04/1990 07:00,2.047900356
15/04/1990 08:00,3.477931495
15/04/1990 09:00,13.02855872
15/04/1990 10:00,26.26890569
15/04/1990 11:00,45.29710854
15/04/1990 12:00,58.61725979
15/04/1990 13:00,48.26009786
15/04/1990 14:00,64.52482206
15/04/1990 15:00,48.73380783
15/04/1990 16:00,39.94510676
15/04/1990 17:00,19.4497331
15/04/1990 18:00,3.142241993
15/04/1990 19:00,0
15/04/1990 20:00,0
15/04/1990 21:00,0
15/04/1990 22:00,0
15/04/1990 23:00,0
16/04/1990 00:00,0
16/04/1990 01:00,0
16/04/1990 02:00,0
16/04/1990 03:00,0
16/04/1990 04:00,0
16/04/1990 05:00,0
16/04/1990 06:00,9.008060498
16/04/1990 07:00,16.29030249
16/04/1990 08:00,2.829061388
16/04/1990 09:00,7.899906584
16/04/1990 10:00,24.76899466
16/04/1990 11:00,57.6227758
16/04/1990 12:00,37.59701957
16/04/1990 13:00,36.87366548
16/04/1990 14:00,18.16161032
16/04/1990 15:00,36.58718861
16/04/1990 16:00,34.47953737
16/04/1990 17:00,19.70653915
16/04/1990 18:00,3.066530249
16/04/1990 19:00,0
16/04/1990 20:00,0
16/04/1990 21:00,0
16/04/1990 22:00,0
16/04/1990 23:00,0
17/04/1990 00:00,0
17/04/1990 01:00,0
17/04/1990 02:00,0
17/04/1990 03:00,0
17/04/1990 04:00,0
17/04/1990 05:00,0
17/04/1990 06:00,1.044105872
17/04/1990 07:00,13.57491103
17/04/1990 08:00,5.680631673
17/04/1990 09:00,17.71552491
17/04/1990 10:00,18.93919039
17/04/1990 11:00,25.04114769
17/04/1990 12:00,62.26063167
17/04/1990 13:00,81.85053381
17/04/1990 14:00,60.5980427
17/04/1990 15:00,56.95467082
17/04/1990 16:00,19.07219751
17/04/1990 17:00,9.488727758
17/04/1990 18:00,0
17/04/1990 19:00,0
17/04/1990 20:00,0
17/04/1990 21:00,0
17/04/1990 22:00,0
17/04/1990 23:00,0
18/04/1990 00:00,0
18/04/1990 01:00,0
18/04/1990 02:00,0
18/04/1990 03:00,0
18/04/1990 04:00,0
18/04/1990 05:00,0.351742438
18/04/1990 06:00,5.872673488
18/04/1990 07:00,13.31810498
18/04/1990 08:00,14.54893238
18/04/1990 09:00,10.20850089
18/04/1990 10:00,10.49630783
18/04/1990 11:00,20.70204626
18/04/1990 12:00,33.11058719
18/04/1990 13:00,35.10262456
18/04/1990 14:00,30.26014235
18/04/1990 15:00,17.23772242
18/04/1990 16:00,7.216761566
18/04/1990 17:00,4.690854093
18/04/1990 18:00,1.012849199
18/04/1990 19:00,0
18/04/1990 20:00,0
18/04/1990 21:00,0
18/04/1990 22:00,0
18/04/1990 23:00,0
19/04/1990 00:00,0
19/04/1990 01:00,0
19/04/1990 02:00,0
19/04/1990 03:00,0
19/04/1990 04:00,0
19/04/1990 05:00,0.385669484
19/04/1990 06:00,7.407780249
19/04/1990 07:00,18.7100089
19/04/1990 08:00,13.66494662
19/04/1990 09:00,24.32700178
19/04/1990 10:00,26.80400356
19/04/1990 11:00,25.1352758
19/04/1990 12:00,33.29065836
19/04/1990 13:00,22.19377224
19/04/1990 14:00,17.92731317
19/04/1990 15:00,9.35408363
19/04/1990 16:00,2.683981317
19/04/1990 17:00,2.640191281
19/04/1990 18:00,1.681823843
19/04/1990 19:00,0
19/04/1990 20:00,0
19/04/1990 21:00,0
19/04/1990 22:00,0
19/04/1990 23:00,0
20/04/1990 00:00,0
20/04/1990 01:00,0
20/04/1990 02:00,0
20/04/1990 03:00,0
20/04/1990 04:00,0
20/04/1990 05:00,0.284676157
20/04/1990 06:00,6.353136121
20/04/1990 07:00,24.66565836
20/04/1990 08:00,59.92072954
20/04/1990 09:00,32.06187722
20/04/1990 10:00,54.64546263
20/04/1990 11:00,70.26970641
20/04/1990 12:00,70.04870996
20/04/1990 13:00,40.94675267
20/04/1990 14:00,37.92544484
20/04/1990 15:00,31.25258007
20/04/1990 16:00,8.049897687
20/04/1990 17:00,5.973145018
20/04/1990 18:00,0
20/04/1990 19:00,0
20/04/1990 20:00,0
20/04/1990 21:00,0
20/04/1990 22:00,0
20/04/1990 23:00,0
21/04/1990 00:00,0
21/04/1990 01:00,0
21/04/1990 02:00,0
21/04/1990 03:00,0
21/04/1990 04:00,0
21/04/1990 05:00,2.372437722
21/04/1990 06:00,3.127713523
21/04/1990 07:00,5.678483096
21/04/1990 08:00,16.80391459
21/04/1990 09:00,57.66063167
21/04/1990 10:00,64.73763345
21/04/1990 11:00,42.7341637
21/04/1990 12:00,36.29968861
21/04/1990 13:00,35.59986655
21/04/1990 14:00,24.45489324
21/04/1990 15:00,21.01512456
21/04/1990 16:00,15.42780249
21/04/1990 17:00,0.886697064
21/04/1990 18:00,0
21/04/1990 19:00,0
21/04/1990 20:00,0
21/04/1990 21:00,0
21/04/1990 22:00,0
21/04/1990 23:00,0
22/04/1990 00:00,0
22/04/1990 01:00,0
22/04/1990 02:00,0
22/04/1990 03:00,0
22/04/1990 04:00,0
22/04/1990 05:00,1.292931495
22/04/1990 06:00,12.01565836
22/04/1990 07:00,29.42117438
22/04/1990 08:00,37.42411032
22/04/1990 09:00,54.14310498
22/04/1990 10:00,34.81512456
22/04/1990 11:00,19.67891459
22/04/1990 12:00,37.57451068
22/04/1990 13:00,5.976623665
22/04/1990 14:00,13.81125445
22/04/1990 15:00,27.11401246
22/04/1990 16:00,9.741543594
22/04/1990 17:00,6.660894128
22/04/1990 18:00,1.131174377
22/04/1990 19:00,0
22/04/1990 20:00,0
22/04/1990 21:00,0
22/04/1990 22:00,0
22/04/1990 23:00,0
23/04/1990 00:00,0
23/04/1990 01:00,0
23/04/1990 02:00,0
23/04/1990 03:00,0
23/04/1990 04:00,0
23/04/1990 05:00,0
23/04/1990 06:00,0.717634786
23/04/1990 07:00,1.923589858
23/04/1990 08:00,23.74074733
23/04/1990 09:00,5.58558274
23/04/1990 10:00,49.64337189
23/04/1990 11:00,33.83394128
23/04/1990 12:00,22.83629893
23/04/1990 13:00,81.85053381
23/04/1990 14:00,80.8713968
23/04/1990 15:00,65.4466637
23/04/1990 16:00,45.45262456
23/04/1990 17:00,10.03804715
23/04/1990 18:00,0
23/04/1990 19:00,0
23/04/1990 20:00,0
23/04/1990 21:00,0
23/04/1990 22:00,0
23/04/1990 23:00,0
24/04/1990 00:00,0
24/04/1990 01:00,0
24/04/1990 02:00,0
24/04/1990 03:00,0
24/04/1990 04:00,0
24/04/1990 05:00,0.20855516
24/04/1990 06:00,2.167913701
24/04/1990 07:00,4.001570285
24/04/1990 08:00,6.188207295
24/04/1990 09:00,8.562282028
24/04/1990 10:00,9.599328292
24/04/1990 11:00,10.65182384
24/04/1990 12:00,11.3352758
24/04/1990 13:00,11.11018683
24/04/1990 14:00,9.687931495
24/04/1990 15:00,8.450760676
24/04/1990 16:00,4.859363879
24/04/1990 17:00,2.718256228
24/04/1990 18:00,0.813573843
24/04/1990 19:00,0
24/04/1990 20:00,0
24/04/1990 21:00,0
24/04/1990 22:00,0
24/04/1990 23:00,0
25/04/1990 00:00,0
25/04/1990 01:00,0
25/04/1990 02:00,0
25/04/1990 03:00,0
25/04/1990 04:00,0
25/04/1990 05:00,3.201890569
25/04/1990 06:00,13.64653025
25/04/1990 07:00,30.38394128
25/04/1990 08:00,44.35787367
25/04/1990 09:00,54.21881673
25/04/1990 10:00,64.03678826
25/04/1990 11:00,68.11192171
25/04/1990 12:00,69.80622776
25/04/1990 13:00,60.79039146
25/04/1990 14:00,52.67081851
25/04/1990 15:00,41.7100089
25/04/1990 16:00,26.33643238
25/04/1990 17:00,14.44048043
25/04/1990 18:00,4.677655694
25/04/1990 19:00,0
25/04/1990 20:00,0
25/04/1990 21:00,0
25/04/1990 22:00,0
25/04/1990 23:00,0
26/04/1990 00:00,0
26/04/1990 01:00,0
26/04/1990 02:00,0
26/04/1990 03:00,0
26/04/1990 04:00,0
26/04/1990 05:00,1.920213523
26/04/1990 06:00,4.374706406
26/04/1990 07:00,2.217024021
26/04/1990 08:00,3.499008007
26/04/1990 09:00,6.743767794
26/04/1990 10:00,21.26579181
26/04/1990 11:00,34.3127669
26/04/1990 12:00,72.21161032
26/04/1990 13:00,45.35645018
26/04/1990 14:00,23.25271352
26/04/1990 15:00,31.96058719
26/04/1990 16:00,49.44590747
26/04/1990 17:00,19.62161922
26/04/1990 18:00,4.257762456
26/04/1990 19:00,0
26/04/1990 20:00,0
26/04/1990 21:00,0
26/04/1990 22:00,0
26/04/1990 23:00,0
27/04/1990 00:00,0
27/04/1990 01:00,0
27/04/1990 02:00,0
27/04/1990 03:00,0
27/04/1990 04:00,0
27/04/1990 05:00,3.759292705
27/04/1990 06:00,14.6205516
27/04/1990 07:00,35.05658363
27/04/1990 08:00,50.34524021
27/04/1990 09:00,31.46641459
27/04/1990 10:00,31.50733986
27/04/1990 11:00,5.650142349
27/04/1990 12:00,25.67446619
27/04/1990 13:00,28.64154804
27/04/1990 14:00,28.93211744
27/04/1990 15:00,45.03211744
27/04/1990 16:00,47.38736655
27/04/1990 17:00,22.16614769
27/04/1990 18:00,5.203238434
27/04/1990 19:00,0
27/04/1990 20:00,0
27/04/1990 21:00,0
27/04/1990 22:00,0
27/04/1990 23:00,0
28/04/1990 00:00,0
28/04/1990 01:00,0
28/04/1990 02:00,0
28/04/1990 03:00,0
28/04/1990 04:00,0
28/04/1990 05:00,4.017838078
28/04/1990 06:00,16.138879
28/04/1990 07:00,37.45991993
28/04/1990 08:00,57.43656584
28/04/1990 09:00,72.56868327
28/04/1990 10:00,78.30435943
28/04/1990 11:00,81.85053381
28/04/1990 12:00,81.85053381
28/04/1990 13:00,81.85053381
28/04/1990 14:00,67.61979537
28/04/1990 15:00,52.85293594
28/04/1990 16:00,32.19590747
28/04/1990 17:00,17.08936833
28/04/1990 18:00,5.508438612
28/04/1990 19:00,0
28/04/1990 20:00,0
28/04/1990 21:00,0
28/04/1990 22:00,0
28/04/1990 23:00,0
29/04/1990 00:00,0
29/04/1990 01:00,0
29/04/1990 02:00,0
29/04/1990 03:00,0
29/04/1990 04:00,0
29/04/1990 05:00,4.272597865
29/04/1990 06:00,17.12313167
29/04/1990 07:00,37.08647687
29/04/1990 08:00,59.06743772
29/04/1990 09:00,76.11178826
29/04/1990 10:00,81.85053381
29/04/1990 11:00,81.85053381
29/04/1990 12:00,81.85053381
29/04/1990 13:00,81.85053381
29/04/1990 14:00,78.68803381
29/04/1990 15:00,61.25796263
29/04/1990 16:00,43.10658363
29/04/1990 17:00,22.26846085
29/04/1990 18:00,5.580671708
29/04/1990 19:00,0
29/04/1990 20:00,0
29/04/1990 21:00,0
29/04/1990 22:00,0
29/04/1990 23:00,0
30/04/1990 00:00,0
30/04/1990 01:00,0
30/04/1990 02:00,0
30/04/1990 03:00,0
30/04/1990 04:00,0
30/04/1990 05:00,2.314016904
30/04/1990 06:00,10.17668149
30/04/1990 07:00,19.35151246
30/04/1990 08:00,51.97918149
30/04/1990 09:00,81.85053381
30/04/1990 10:00,81.6919484
30/04/1990 11:00,63.95698399
30/04/1990 12:00,19.55102313
30/04/1990 13:00,5.56747331
30/04/1990 14:00,4.857419929
30/04/1990 15:00,3.806970641
30/04/1990 16:00,2.542379893
30/04/1990 17:00,1.2401379
30/04/1990 18:00,0.060082384
30/04/1990 19:00,0
30/04/1990 20:00,0
30/04/1990 21:00,0
30/04/1990 22:00,0
30/04/1990 23:00,0
01/05/1990 00:00,0
01/05/1990 01:00,0
01/05/1990 02:00,0
01/05/1990 03:00,0
01/05/1990 04:00,0
01/05/1990 05:00,3.844519573
01/05/1990 06:00,16.50720641
01/05/1990 07:00,36.75702847
01/05/1990 08:00,55.22353203
01/05/1990 09:00,69.9238879
01/05/1990 10:00,81.85053381
01/05/1990 11:00,81.85053381
01/05/1990 12:00,81.85053381
01/05/1990 13:00,81.85053381
01/05/1990 14:00,77.31192171
01/05/1990 15:00,62.98091637
01/05/1990 16:00,41.4644573
01/05/1990 17:00,21.00796263
01/05/1990 18:00,4.752855872
01/05/1990 19:00,0
01/05/1990 20:00,0
01/05/1990 21:00,0
01/05/1990 22:00,0
01/05/1990 23:00,0
02/05/1990 00:00,0
02/05/1990 01:00,0
02/05/1990 02:00,0
02/05/1990 03:00,0
02/05/1990 04:00,0
02/05/1990 05:00,3.982846975
02/05/1990 06:00,16.62384342
02/05/1990 07:00,37.37602313
02/05/1990 08:00,55.85173488
02/05/1990 09:00,73.46801601
02/05/1990 10:00,81.85053381
02/05/1990 11:00,81.85053381
02/05/1990 12:00,81.85053381
02/05/1990 13:00,81.85053381
02/05/1990 14:00,80.5225089
02/05/1990 15:00,65.86717082
02/05/1990 16:00,43.66009786
02/05/1990 17:00,22.00244662
02/05/1990 18:00,5.235057829
02/05/1990 19:00,0
02/05/1990 20:00,0
02/05/1990 21:00,0
02/05/1990 22:00,0
02/05/1990 23:00,0
03/05/1990 00:00,0
03/05/1990 01:00,0
03/05/1990 02:00,0
03/05/1990 03:00,0
03/05/1990 04:00,0
03/05/1990 05:00,3.895573843
03/05/1990 06:00,18.97295374
03/05/1990 07:00,41.1544484
03/05/1990 08:00,62.93487544
03/05/1990 09:00,76.99884342
03/05/1990 10:00,81.85053381
03/05/1990 11:00,81.85053381
03/05/1990 12:00,81.85053381
03/05/1990 13:00,81.85053381
03/05/1990 14:00,80.25035587
03/05/1990 15:00,64.7683274
03/05/1990 16:00,45.74830961
03/05/1990 17:00,23.05831851
03/05/1990 18:00,5.085987544
03/05/1990 19:00,0
03/05/1990 20:00,0
03/05/1990 21:00,0
03/05/1990 22:00,0
03/05/1990 23:00,0
04/05/1990 00:00,0
04/05/1990 01:00,0
04/05/1990 02:00,0
04/05/1990 03:00,0
04/05/1990 04:00,0
04/05/1990 05:00,3.708954626
04/05/1990 06:00,7.130102313
04/05/1990 07:00,10.44310498
04/05/1990 08:00,23.90854093
04/05/1990 09:00,49.59426157
04/05/1990 10:00,25.34092527
04/05/1990 11:00,60.12842527
04/05/1990 12:00,31.83678826
04/05/1990 13:00,20.93838968
04/05/1990 14:00,21.27704626
04/05/1990 15:00,22.30017794
04/05/1990 16:00,7.176040925
04/05/1990 17:00,6.92649911
04/05/1990 18:00,3.033994662
04/05/1990 19:00,0
04/05/1990 20:00,0
04/05/1990 21:00,0
04/05/1990 22:00,0
04/05/1990 23:00,0
05/05/1990 00:00,0
05/05/1990 01:00,0
05/05/1990 02:00,0
05/05/1990 03:00,0
05/05/1990 04:00,0
05/05/1990 05:00,3.681739324
05/05/1990 06:00,9.871379004
05/05/1990 07:00,15.71427936
05/05/1990 08:00,23.27112989
05/05/1990 09:00,29.52246441
05/05/1990 10:00,36.52375445
05/05/1990 11:00,42.46303381
05/05/1990 12:00,36.23727758
05/05/1990 13:00,31.45004448
05/05/1990 14:00,30.16703737
05/05/1990 15:00,21.67606762
05/05/1990 16:00,14.64919929
05/05/1990 17:00,8.05613879
05/05/1990 18:00,3.364670819
05/05/1990 19:00,0
05/05/1990 20:00,0
05/05/1990 21:00,0
05/05/1990 22:00,0
05/05/1990 23:00,0
06/05/1990 00:00,0
06/05/1990 01:00,0
06/05/1990 02:00,0
06/05/1990 03:00,0
06/05/1990 04:00,0
06/05/1990 05:00,4.592940391
06/05/1990 06:00,16.34043594
06/05/1990 07:00,33.40013345
06/05/1990 08:00,48.4647242
06/05/1990 09:00,56.58941281
06/05/1990 10:00,59.99848754
06/05/1990 11:00,78.81899466
06/05/1990 12:00,74.51263345
06/05/1990 13:00,63.12927046
06/05/1990 14:00,45.76467972
06/05/1990 15:00,45.32575623
06/05/1990 16:00,27.56214413
06/05/1990 17:00,15.19350534
06/05/1990 18:00,4.47272242
06/05/1990 19:00,0
06/05/1990 20:00,0
06/05/1990 21:00,0
06/05/1990 22:00,0
06/05/1990 23:00,0
07/05/1990 00:00,0
07/05/1990 01:00,0
07/05/1990 02:00,0
07/05/1990 03:00,0
07/05/1990 04:00,0
07/05/1990 05:00,4.418291815
07/05/1990 06:00,11.34857651
07/05/1990 07:00,18.60053381
07/05/1990 08:00,27.72175267
07/05/1990 09:00,33.80529359
07/05/1990 10:00,40.40040036
07/05/1990 11:00,36.9033363
07/05/1990 12:00,35.34919929
07/05/1990 13:00,34.59617438
07/05/1990 14:00,29.42731317
07/05/1990 15:00,22.93963523
07/05/1990 16:00,16.75173488
07/05/1990 17:00,9.478189502
07/05/1990 18:00,3.207313167
07/05/1990 19:00,0
07/05/1990 20:00,0
07/05/1990 21:00,0
07/05/1990 22:00,0
07/05/1990 23:00,0
08/05/1990 00:00,0
08/05/1990 01:00,0
08/05/1990 02:00,0
08/05/1990 03:00,0
08/05/1990 04:00,0
08/05/1990 05:00,3.781187722
08/05/1990 06:00,10.91783808
08/05/1990 07:00,20.4319395
08/05/1990 08:00,29.14492883
08/05/1990 09:00,37.03838968
08/05/1990 10:00,42.64412811
08/05/1990 11:00,43.05235765
08/05/1990 12:00,38.5669484
08/05/1990 13:00,36.81330071
08/05/1990 14:00,28.10133452
08/05/1990 15:00,20.79208185
08/05/1990 16:00,14.36988434
08/05/1990 17:00,6.061032028
08/05/1990 18:00,1.996129893
08/05/1990 19:00,0
08/05/1990 20:00,0
08/05/1990 21:00,0
08/05/1990 22:00,0
08/05/1990 23:00,0
09/05/1990 00:00,0
09/05/1990 01:00,0
09/05/1990 02:00,0
09/05/1990 03:00,0
09/05/1990 04:00,0
09/05/1990 05:00,1.193380783
09/05/1990 06:00,8.555324733
09/05/1990 07:00,33.46561388
09/05/1990 08:00,36.25364769
09/05/1990 09:00,30.6591637
09/05/1990 10:00,9.016552491
09/05/1990 11:00,22.96828292
09/05/1990 12:00,70.65133452
09/05/1990 13:00,81.85053381
09/05/1990 14:00,60.58985765
09/05/1990 15:00,65.11209964
09/05/1990 16:00,46.13198399
09/05/1990 17:00,29.58180605
09/05/1990 18:00,6.318247331
09/05/1990 19:00,0
09/05/1990 20:00,0
09/05/1990 21:00,0
09/05/1990 22:00,0
09/05/1990 23:00,0
10/05/1990 00:00,0
10/05/1990 01:00,0
10/05/1990 02:00,0
10/05/1990 03:00,0
10/05/1990 04:00,0
10/05/1990 05:00,0.348734431
10/05/1990 06:00,3.995022242
10/05/1990 07:00,9.705427046
10/05/1990 08:00,17.75440391
10/05/1990 09:00,29.13265125
10/05/1990 10:00,38.0308274
10/05/1990 11:00,58.37068505
10/05/1990 12:00,55.06596975
10/05/1990 13:00,51.99350534
10/05/1990 14:00,62.62793594
10/05/1990 15:00,44.65151246
10/05/1990 16:00,30.37268683
10/05/1990 17:00,21.30262456
10/05/1990 18:00,8.321539146
10/05/1990 19:00,0.390989769
10/05/1990 20:00,0
10/05/1990 21:00,0
10/05/1990 22:00,0
10/05/1990 23:00,0
11/05/1990 00:00,0
11/05/1990 01:00,0
11/05/1990 02:00,0
11/05/1990 03:00,0
11/05/1990 04:00,0
11/05/1990 05:00,5.550182384
11/05/1990 06:00,6.326432384
11/05/1990 07:00,22.07918149
11/05/1990 08:00,12.02282028
11/05/1990 09:00,18.26699288
11/05/1990 10:00,32.0577847
11/05/1990 11:00,54.88589858
11/05/1990 12:00,42.93060498
11/05/1990 13:00,48.87602313
11/05/1990 14:00,45.23981317
11/05/1990 15:00,45.88540925
11/05/1990 16:00,31.72424377
11/05/1990 17:00,20.93122776
11/05/1990 18:00,8.489128114
11/05/1990 19:00,0.555386566
11/05/1990 20:00,0
11/05/1990 21:00,0
11/05/1990 22:00,0
11/05/1990 23:00,0
12/05/1990 00:00,0
12/05/1990 01:00,0
12/05/1990 02:00,0
12/05/1990 03:00,0
12/05/1990 04:00,0
12/05/1990 05:00,5.521432384
12/05/1990 06:00,16.75480427
12/05/1990 07:00,18.33042705
12/05/1990 08:00,37.06908363
12/05/1990 09:00,49.89608541
12/05/1990 10:00,75.66365658
12/05/1990 11:00,74.7725089
12/05/1990 12:00,81.85053381
12/05/1990 13:00,75.87953737
12/05/1990 14:00,69.37548932
12/05/1990 15:00,68.80765125
12/05/1990 16:00,51.59448399
12/05/1990 17:00,29.58692171
12/05/1990 18:00,6.960671708
12/05/1990 19:00,0.734199288
12/05/1990 20:00,0
12/05/1990 21:00,0
12/05/1990 22:00,0
12/05/1990 23:00,0
13/05/1990 00:00,0
13/05/1990 01:00,0
13/05/1990 02:00,0
13/05/1990 03:00,0
13/05/1990 04:00,0
13/05/1990 05:00,4.252237544
13/05/1990 06:00,10.77562278
13/05/1990 07:00,9.460489324
13/05/1990 08:00,16.10716192
13/05/1990 09:00,19.82215302
13/05/1990 10:00,25.1772242
13/05/1990 11:00,26.49706406
13/05/1990 12:00,29.98287367
13/05/1990 13:00,24.37918149
13/05/1990 14:00,20.85244662
13/05/1990 15:00,17.5600089
13/05/1990 16:00,7.83872331
13/05/1990 17:00,4.108692171
13/05/1990 18:00,1.989581851
13/05/1990 19:00,0
13/05/1990 20:00,0
13/05/1990 21:00,0
13/05/1990 22:00,0
13/05/1990 23:00,0
14/05/1990 00:00,0
14/05/1990 01:00,0
14/05/1990 02:00,0
14/05/1990 03:00,0
14/05/1990 04:00,0
14/05/1990 05:00,2.7561121
14/05/1990 06:00,6.008136121
14/05/1990 07:00,8.68280694
14/05/1990 08:00,10.10874555
14/05/1990 09:00,14.61134342
14/05/1990 10:00,16.14399466
14/05/1990 11:00,15.57104093
14/05/1990 12:00,15.41654804
14/05/1990 13:00,15.85342527
14/05/1990 14:00,14.44968861
14/05/1990 15:00,11.65551601
14/05/1990 16:00,8.942784698
14/05/1990 17:00,4.692081851
14/05/1990 18:00,1.813807829
14/05/1990 19:00,0
14/05/1990 20:00,0
14/05/1990 21:00,0
14/05/1990 22:00,0
14/05/1990 23:00,0
15/05/1990 00:00,0
15/05/1990 01:00,0
15/05/1990 02:00,0
15/05/1990 03:00,0
15/05/1990 04:00,0
15/05/1990 05:00,1.615217972
15/05/1990 06:00,3.847384342
15/05/1990 07:00,5.844946619
15/05/1990 08:00,8.152517794
15/05/1990 09:00,8.347322064
15/05/1990 10:00,10.55053381
15/05/1990 11:00,12.1752669
15/05/1990 12:00,12.02793594
15/05/1990 13:00,10.95774021
15/05/1990 14:00,9.275814057
15/05/1990 15:00,7.549893238
15/05/1990 16:00,5.270765125
15/05/1990 17:00,2.779541815
15/05/1990 18:00,1.199008007
15/05/1990 19:00,0
15/05/1990 20:00,0
15/05/1990 21:00,0
15/05/1990 22:00,0
15/05/1990 23:00,0
16/05/1990 00:00,0
16/05/1990 01:00,0
16/05/1990 02:00,0
16/05/1990 03:00,0
16/05/1990 04:00,0.392688167
16/05/1990 05:00,5.717771352
16/05/1990 06:00,21.45302491
16/05/1990 07:00,41.26801601
16/05/1990 08:00,61.4605427
16/05/1990 09:00,78.80978648
16/05/1990 10:00,81.85053381
16/05/1990 11:00,81.85053381
16/05/1990 12:00,81.85053381
16/05/1990 13:00,81.85053381
16/05/1990 14:00,81.64897687
16/05/1990 15:00,69.20769573
16/05/1990 16:00,48.07081851
16/05/1990 17:00,26.29141459
16/05/1990 18:00,7.295440391
16/05/1990 19:00,0.828286477
16/05/1990 20:00,0
16/05/1990 21:00,0
16/05/1990 22:00,0
16/05/1990 23:00,0
17/05/1990 00:00,0
17/05/1990 01:00,0
17/05/1990 02:00,0
17/05/1990 03:00,0
17/05/1990 04:00,0.267753559
17/05/1990 05:00,5.871241103
17/05/1990 06:00,21.71187722
17/05/1990 07:00,41.11659253
17/05/1990 08:00,57.12962633
17/05/1990 09:00,65.55716192
17/05/1990 10:00,74.14532918
17/05/1990 11:00,81.85053381
17/05/1990 12:00,81.85053381
17/05/1990 13:00,81.85053381
17/05/1990 14:00,74.06859431
17/05/1990 15:00,52.60738434
17/05/1990 16:00,39.02531139
17/05/1990 17:00,24.24617438
17/05/1990 18:00,7.310275801
17/05/1990 19:00,1.118487544
17/05/1990 20:00,0
17/05/1990 21:00,0
17/05/1990 22:00,0
17/05/1990 23:00,0
18/05/1990 00:00,0
18/05/1990 01:00,0
18/05/1990 02:00,0
18/05/1990 03:00,0
18/05/1990 04:00,0.718821619
18/05/1990 05:00,5.431294484
18/05/1990 06:00,24.42931495
18/05/1990 07:00,47.77001779
18/05/1990 08:00,68.52015125
18/05/1990 09:00,81.85053381
18/05/1990 10:00,81.85053381
18/05/1990 11:00,81.85053381
18/05/1990 12:00,81.85053381
18/05/1990 13:00,81.85053381
18/05/1990 14:00,81.85053381
18/05/1990 15:00,72.55845196
18/05/1990 16:00,52.35262456
18/05/1990 17:00,29.11730427
18/05/1990 18:00,7.335240214
18/05/1990 19:00,1.060373665
18/05/1990 20:00,0
18/05/1990 21:00,0
18/05/1990 22:00,0
18/05/1990 23:00,0
19/05/1990 00:00,0
19/05/1990 01:00,0
19/05/1990 02:00,0
19/05/1990 03:00,0
19/05/1990 04:00,0.805266014
19/05/1990 05:00,5.785911922
19/05/1990 06:00,23.31717082
19/05/1990 07:00,44.77224199
19/05/1990 08:00,64.12682384
19/05/1990 09:00,80.18487544
19/05/1990 10:00,81.85053381
19/05/1990 11:00,81.85053381
19/05/1990 12:00,81.85053381
19/05/1990 13:00,81.85053381
19/05/1990 14:00,81.85053381
19/05/1990 15:00,70.24719751
19/05/1990 16:00,51.65280249
19/05/1990 17:00,29.29839858
19/05/1990 18:00,7.425787367
19/05/1990 19:00,3.740671708
19/05/1990 20:00,0
19/05/1990 21:00,0
19/05/1990 22:00,0
19/05/1990 23:00,0
20/05/1990 00:00,0
20/05/1990 01:00,0
20/05/1990 02:00,0
20/05/1990 03:00,0
20/05/1990 04:00,0.133354982
20/05/1990 05:00,4.039733096
20/05/1990 06:00,7.411770463
20/05/1990 07:00,15.47691281
20/05/1990 08:00,28.62210854
20/05/1990 09:00,39.68216192
20/05/1990 10:00,30.67348754
20/05/1990 11:00,33.51267794
20/05/1990 12:00,24.67588968
20/05/1990 13:00,20.32655694
20/05/1990 14:00,5.950431495
20/05/1990 15:00,7.96988879
20/05/1990 16:00,3.964839858
20/05/1990 17:00,8.279386121
20/05/1990 18:00,5.72155694
20/05/1990 19:00,1.326490214
20/05/1990 20:00,0
20/05/1990 21:00,0
20/05/1990 22:00,0
20/05/1990 23:00,0
21/05/1990 00:00,0
21/05/1990 01:00,0
21/05/1990 02:00,0
21/05/1990 03:00,0
21/05/1990 04:00,1.031623665
21/05/1990 05:00,5.831748221
21/05/1990 06:00,28.17909253
21/05/1990 07:00,44.28113879
21/05/1990 08:00,53.87095196
21/05/1990 09:00,76.98451957
21/05/1990 10:00,72.41316726
21/05/1990 11:00,18.19128114
21/05/1990 12:00,33.96285587
21/05/1990 13:00,50.04137011
21/05/1990 14:00,29.34648577
21/05/1990 15:00,42.69119217
21/05/1990 16:00,30.36040925
21/05/1990 17:00,21.03251779
21/05/1990 18:00,7.102273132
21/05/1990 19:00,1.094546263
21/05/1990 20:00,0
21/05/1990 21:00,0
21/05/1990 22:00,0
21/05/1990 23:00,0
22/05/1990 00:00,0
22/05/1990 01:00,0
22/05/1990 02:00,0
22/05/1990 03:00,0
22/05/1990 04:00,1.120533808
22/05/1990 05:00,6.15669484
22/05/1990 06:00,25.99470641
22/05/1990 07:00,50.23474199
22/05/1990 08:00,71.41868327
22/05/1990 09:00,81.85053381
22/05/1990 10:00,81.85053381
22/05/1990 11:00,44.26783808
22/05/1990 12:00,40.72677936
22/05/1990 13:00,38.75520463
22/05/1990 14:00,27.96321174
22/05/1990 15:00,18.02041815
22/05/1990 16:00,12.58042705
22/05/1990 17:00,9.284715302
22/05/1990 18:00,5.627019573
22/05/1990 19:00,0.947440391
22/05/1990 20:00,0
22/05/1990 21:00,0
22/05/1990 22:00,0
22/05/1990 23:00,0
23/05/1990 00:00,0
23/05/1990 01:00,0
23/05/1990 02:00,0
23/05/1990 03:00,0
23/05/1990 04:00,3.578914591
23/05/1990 05:00,8.434799822
23/05/1990 06:00,19.22873665
23/05/1990 07:00,11.9133452
23/05/1990 08:00,23.60262456
23/05/1990 09:00,30.99679715
23/05/1990 10:00,33.22620107
23/05/1990 11:00,41.50947509
23/05/1990 12:00,35.11285587
23/05/1990 13:00,40.34719751
23/05/1990 14:00,38.2375
23/05/1990 15:00,44.26681495
23/05/1990 16:00,25.52713523
23/05/1990 17:00,11.6841637
23/05/1990 18:00,0.662590302
23/05/1990 19:00,0.290426157
23/05/1990 20:00,0
23/05/1990 21:00,0
23/05/1990 22:00,0
23/05/1990 23:00,0
24/05/1990 00:00,0
24/05/1990 01:00,0
24/05/1990 02:00,0
24/05/1990 03:00,0
24/05/1990 04:00,5.506494662
24/05/1990 05:00,10.23745552
24/05/1990 06:00,23.72642349
24/05/1990 07:00,56.68047153
24/05/1990 08:00,80.35880783
24/05/1990 09:00,56.93830071
24/05/1990 10:00,68.96419039
24/05/1990 11:00,74.16272242
24/05/1990 12:00,52.91534698
24/05/1990 13:00,7.021036477
24/05/1990 14:00,6.272308719
24/05/1990 15:00,5.204261566
24/05/1990 16:00,3.875213523
24/05/1990 17:00,2.420013345
24/05/1990 18:00,1.024564057
24/05/1990 19:00,0
24/05/1990 20:00,0
24/05/1990 21:00,0
24/05/1990 22:00,0
24/05/1990 23:00,0
25/05/1990 00:00,0
25/05/1990 01:00,0
25/05/1990 02:00,0
25/05/1990 03:00,0
25/05/1990 04:00,3.246703737
25/05/1990 05:00,8.16694395
25/05/1990 06:00,21.06423488
25/05/1990 07:00,37.70342527
25/05/1990 08:00,60.03634342
25/05/1990 09:00,81.06272242
25/05/1990 10:00,81.57224199
25/05/1990 11:00,81.85053381
25/05/1990 12:00,81.85053381
25/05/1990 13:00,81.85053381
25/05/1990 14:00,74.8144573
25/05/1990 15:00,63.863879
25/05/1990 16:00,47.36281139
25/05/1990 17:00,26.17477758
25/05/1990 18:00,8.969488434
25/05/1990 19:00,4.078509786
25/05/1990 20:00,0
25/05/1990 21:00,0
25/05/1990 22:00,0
25/05/1990 23:00,0
26/05/1990 00:00,0
26/05/1990 01:00,0
26/05/1990 02:00,0
26/05/1990 03:00,0
26/05/1990 04:00,3.199128114
26/05/1990 05:00,6.02297153
26/05/1990 06:00,28.14737544
26/05/1990 07:00,56.53314057
26/05/1990 08:00,68.82095196
26/05/1990 09:00,81.44025801
26/05/1990 10:00,81.85053381
26/05/1990 11:00,76.44021352
26/05/1990 12:00,76.15373665
26/05/1990 13:00,52.16641459
26/05/1990 14:00,29.70969751
26/05/1990 15:00,23.00409253
26/05/1990 16:00,23.18007117
26/05/1990 17:00,17.68790036
26/05/1990 18:00,8.254319395
26/05/1990 19:00,1.915507117
26/05/1990 20:00,0
26/05/1990 21:00,0
26/05/1990 22:00,0
26/05/1990 23:00,0
27/05/1990 00:00,0
27/05/1990 01:00,0
27/05/1990 02:00,0
27/05/1990 03:00,0
27/05/1990 04:00,0
27/05/1990 05:00,7.803425267
27/05/1990 06:00,20.44626335
27/05/1990 07:00,27.06285587
27/05/1990 08:00,45.76161032
27/05/1990 09:00,30.30516014
27/05/1990 10:00,10.00561388
27/05/1990 11:00,29.50507117
27/05/1990 12:00,45.90689502
27/05/1990 13:00,35.73901246
27/05/1990 14:00,43.48616548
27/05/1990 15:00,19.21032028
27/05/1990 16:00,31.34261566
27/05/1990 17:00,27.35035587
27/05/1990 18:00,11.48567616
27/05/1990 19:00,2.679479537
27/05/1990 20:00,0
27/05/1990 21:00,0
27/05/1990 22:00,0
27/05/1990 23:00,0
28/05/1990 00:00,0
28/05/1990 01:00,0
28/05/1990 02:00,0
28/05/1990 03:00,0
28/05/1990 04:00,3.623420819
28/05/1990 05:00,7.326236655
28/05/1990 06:00,21.64025801
28/05/1990 07:00,39.72411032
28/05/1990 08:00,53.27958185
28/05/1990 09:00,65.46814947
28/05/1990 10:00,77.26485765
28/05/1990 11:00,81.85053381
28/05/1990 12:00,80.30969751
28/05/1990 13:00,75.6125
28/05/1990 14:00,67.12869217
28/05/1990 15:00,55.26343416
28/05/1990 16:00,40.2530694
28/05/1990 17:00,23.7202847
28/05/1990 18:00,8.94963968
28/05/1990 19:00,3.057219751
28/05/1990 20:00,0
28/05/1990 21:00,0
28/05/1990 22:00,0
28/05/1990 23:00,0
29/05/1990 00:00,0
29/05/1990 01:00,0
29/05/1990 02:00,0
29/05/1990 03:00,0
29/05/1990 04:00,0.839592082
29/05/1990 05:00,7.8161121
29/05/1990 06:00,15.66312278
29/05/1990 07:00,20.45035587
29/05/1990 08:00,22.73705516
29/05/1990 09:00,18.76116548
29/05/1990 10:00,31.44595196
29/05/1990 11:00,9.713407473
29/05/1990 12:00,7.115880783
29/05/1990 13:00,41.44092527
29/05/1990 14:00,54.298621
29/05/1990 15:00,39.88474199
29/05/1990 16:00,37.61236655
29/05/1990 17:00,18.26801601
29/05/1990 18:00,4.541681495
29/05/1990 19:00,1.141814947
29/05/1990 20:00,0
29/05/1990 21:00,0
29/05/1990 22:00,0
29/05/1990 23:00,0
30/05/1990 00:00,0
30/05/1990 01:00,0
30/05/1990 02:00,0
30/05/1990 03:00,0
30/05/1990 04:00,0
30/05/1990 05:00,3.662913701
30/05/1990 06:00,16.44274911
30/05/1990 07:00,22.08634342
30/05/1990 08:00,62.06828292
30/05/1990 09:00,59.72224199
30/05/1990 10:00,70.80378114
30/05/1990 11:00,60.02508897
30/05/1990 12:00,17.58558719
30/05/1990 13:00,14.94795374
30/05/1990 14:00,9.259137011
30/05/1990 15:00,9.530369217
30/05/1990 16:00,25.65911922
30/05/1990 17:00,21.50520463
30/05/1990 18:00,0.773354537
30/05/1990 19:00,0
30/05/1990 20:00,0
30/05/1990 21:00,0
30/05/1990 22:00,0
30/05/1990 23:00,0
31/05/1990 00:00,0
31/05/1990 01:00,0
31/05/1990 02:00,0
31/05/1990 03:00,0
31/05/1990 04:00,4.313420819
31/05/1990 05:00,7.328385231
31/05/1990 06:00,21.68732206
31/05/1990 07:00,39.61872776
31/05/1990 08:00,61.08403025
31/05/1990 09:00,75.96752669
31/05/1990 10:00,81.85053381
31/05/1990 11:00,81.85053381
31/05/1990 12:00,81.85053381
31/05/1990 13:00,79.55974199
31/05/1990 14:00,68.32780249
31/05/1990 15:00,59.94323843
31/05/1990 16:00,47.56436833
31/05/1990 17:00,29.82326512
31/05/1990 18:00,9.395827402
31/05/1990 19:00,3.366512456
31/05/1990 20:00,0
31/05/1990 21:00,0
31/05/1990 22:00,0
31/05/1990 23:00,0
01/06/1990 00:00,0
01/06/1990 01:00,0
01/06/1990 02:00,0
01/06/1990 03:00,0
01/06/1990 04:00,4.693514235
01/06/1990 05:00,6.649025801
01/06/1990 06:00,25.0963968
01/06/1990 07:00,47.05996441
01/06/1990 08:00,66.71023132
01/06/1990 09:00,81.85053381
01/06/1990 10:00,81.85053381
01/06/1990 11:00,81.85053381
01/06/1990 12:00,81.85053381
01/06/1990 13:00,81.85053381
01/06/1990 14:00,81.85053381
01/06/1990 15:00,72.0008452
01/06/1990 16:00,52.64217082
01/06/1990 17:00,30.30618327
01/06/1990 18:00,9.850302491
01/06/1990 19:00,3.915320285
01/06/1990 20:00,0
01/06/1990 21:00,0
01/06/1990 22:00,0
01/06/1990 23:00,0
02/06/1990 00:00,0
02/06/1990 01:00,0
02/06/1990 02:00,0
02/06/1990 03:00,0
02/06/1990 04:00,4.566236655
02/06/1990 05:00,6.82213968
02/06/1990 06:00,24.05484875
02/06/1990 07:00,43.19048043
02/06/1990 08:00,60.78118327
02/06/1990 09:00,76.30413701
02/06/1990 10:00,81.85053381
02/06/1990 11:00,81.85053381
02/06/1990 12:00,81.85053381
02/06/1990 13:00,81.85053381
02/06/1990 14:00,70.61450178
02/06/1990 15:00,57.82740214
02/06/1990 16:00,40.77588968
02/06/1990 17:00,24.39350534
02/06/1990 18:00,10.19734875
02/06/1990 19:00,3.1586121
02/06/1990 20:00,0
02/06/1990 21:00,0
02/06/1990 22:00,0
02/06/1990 23:00,0
03/06/1990 00:00,0
03/06/1990 01:00,0
03/06/1990 02:00,0
03/06/1990 03:00,0
03/06/1990 04:00,0
03/06/1990 05:00,0
03/06/1990 06:00,0
03/06/1990 07:00,0
03/06/1990 08:00,0
03/06/1990 09:00,0
03/06/1990 10:00,0
03/06/1990 11:00,0
03/06/1990 12:00,0
03/06/1990 13:00,0
03/06/1990 14:00,0
03/06/1990 15:00,0
03/06/1990 16:00,0
03/06/1990 17:00,0
03/06/1990 18:00,0
03/06/1990 19:00,0
03/06/1990 20:00,0
03/06/1990 21:00,0
03/06/1990 22:00,0
03/06/1990 23:00,0
04/06/1990 00:00,0
04/06/1990 01:00,0
04/06/1990 02:00,0
04/06/1990 03:00,0
04/06/1990 04:00,0
04/06/1990 05:00,0
04/06/1990 06:00,0
04/06/1990 07:00,0
04/06/1990 08:00,17.9702847
04/06/1990 09:00,28.19853203
04/06/1990 10:00,30.21103203
04/06/1990 11:00,24.03233986
04/06/1990 12:00,24.31063167
04/06/1990 13:00,14.93874555
04/06/1990 14:00,15.31014235
04/06/1990 15:00,13.39381673
04/06/1990 16:00,12.37580071
04/06/1990 17:00,8.536908363
04/06/1990 18:00,3.528985765
04/06/1990 19:00,1.010792705
04/06/1990 20:00,0
04/06/1990 21:00,0
04/06/1990 22:00,0
04/06/1990 23:00,0
05/06/1990 00:00,0
05/06/1990 01:00,0
05/06/1990 02:00,0
05/06/1990 03:00,0
05/06/1990 04:00,4.892717972
05/06/1990 05:00,6.601347865
05/06/1990 06:00,24.83959075
05/06/1990 07:00,45.89257117
05/06/1990 08:00,64.88803381
05/06/1990 09:00,78.17646797
05/06/1990 10:00,81.85053381
05/06/1990 11:00,81.85053381
05/06/1990 12:00,81.85053381
05/06/1990 13:00,81.85053381
05/06/1990 14:00,80.10097865
05/06/1990 15:00,65.78327402
05/06/1990 16:00,49.96668149
05/06/1990 17:00,30.15271352
05/06/1990 18:00,9.932255338
05/06/1990 19:00,3.746605872
05/06/1990 20:00,0
05/06/1990 21:00,0
05/06/1990 22:00,0
05/06/1990 23:00,0
06/06/1990 00:00,0
06/06/1990 01:00,0
06/06/1990 02:00,0
06/06/1990 03:00,0
06/06/1990 04:00,2.075422598
06/06/1990 05:00,7.498941281
06/06/1990 06:00,14.67989324
06/06/1990 07:00,21.87353203
06/06/1990 08:00,31.87464413
06/06/1990 09:00,37.78425267
06/06/1990 10:00,51.49012456
06/06/1990 11:00,53.29185943
06/06/1990 12:00,51.92904804
06/06/1990 13:00,50.47313167
06/06/1990 14:00,43.63451957
06/06/1990 15:00,39.33429715
06/06/1990 16:00,24.79048043
06/06/1990 17:00,14.71570285
06/06/1990 18:00,8.739079181
06/06/1990 19:00,2.499919929
06/06/1990 20:00,0
06/06/1990 21:00,0
06/06/1990 22:00,0
06/06/1990 23:00,0
07/06/1990 00:00,0
07/06/1990 01:00,0
07/06/1990 02:00,0
07/06/1990 03:00,0
07/06/1990 04:00,1.826187722
07/06/1990 05:00,5.969564057
07/06/1990 06:00,11.71178826
07/06/1990 07:00,17.95596085
07/06/1990 08:00,23.93411922
07/06/1990 09:00,29.58385231
07/06/1990 10:00,35.22437722
07/06/1990 11:00,34.04163701
07/06/1990 12:00,34.26570285
07/06/1990 13:00,32.3872331
07/06/1990 14:00,28.19853203
07/06/1990 15:00,23.77246441
07/06/1990 16:00,16.6330516
07/06/1990 17:00,10.47175267
07/06/1990 18:00,5.464137011
07/06/1990 19:00,1.678856762
07/06/1990 20:00,0
07/06/1990 21:00,0
07/06/1990 22:00,0
07/06/1990 23:00,0
08/06/1990 00:00,0
08/06/1990 01:00,0
08/06/1990 02:00,0
08/06/1990 03:00,0
08/06/1990 04:00,3.358020463
08/06/1990 05:00,8.467233096
08/06/1990 06:00,20.30507117
08/06/1990 07:00,34.89288256
08/06/1990 08:00,49.23104982
08/06/1990 09:00,57.16952847
08/06/1990 10:00,59.08176157
08/06/1990 11:00,70.67588968
08/06/1990 12:00,69.51463523
08/06/1990 13:00,65.37402135
08/06/1990 14:00,62.65965302
08/06/1990 15:00,47.43852313
08/06/1990 16:00,37.9080516
08/06/1990 17:00,24.51628114
08/06/1990 18:00,10.46356762
08/06/1990 19:00,3.99594306
08/06/1990 20:00,0
08/06/1990 21:00,0
08/06/1990 22:00,0
08/06/1990 23:00,0
09/06/1990 00:00,0
09/06/1990 01:00,0
09/06/1990 02:00,0
09/06/1990 03:00,0
09/06/1990 04:00,5.132949288
09/06/1990 05:00,6.723816726
09/06/1990 06:00,26.01209964
09/06/1990 07:00,48.46574733
09/06/1990 08:00,68.50787367
09/06/1990 09:00,81.85053381
09/06/1990 10:00,81.85053381
09/06/1990 11:00,81.85053381
09/06/1990 12:00,81.85053381
09/06/1990 13:00,81.85053381
09/06/1990 14:00,81.85053381
09/06/1990 15:00,73.1897242
09/06/1990 16:00,53.4524911
09/06/1990 17:00,31.96263345
09/06/1990 18:00,10.47379893
09/06/1990 19:00,4.128950178
09/06/1990 20:00,0
09/06/1990 21:00,0
09/06/1990 22:00,0
09/06/1990 23:00,0
10/06/1990 00:00,0
10/06/1990 01:00,0
10/06/1990 02:00,0
10/06/1990 03:00,0
10/06/1990 04:00,0.520907028
10/06/1990 05:00,3.225217972
10/06/1990 06:00,5.929252669
10/06/1990 07:00,9.065048932
10/06/1990 08:00,11.71690391
10/06/1990 09:00,14.2941726
10/06/1990 10:00,17.79737544
10/06/1990 11:00,27.41992883
10/06/1990 12:00,26.16454626
10/06/1990 13:00,24.13976868
10/06/1990 14:00,20.08714413
10/06/1990 15:00,15.97313167
10/06/1990 16:00,11.03345196
10/06/1990 17:00,7.495462633
10/06/1990 18:00,3.910613879
10/06/1990 19:00,1.892793594
10/06/1990 20:00,0
10/06/1990 21:00,0
10/06/1990 22:00,0
10/06/1990 23:00,0
11/06/1990 00:00,0
11/06/1990 01:00,0
11/06/1990 02:00,0
11/06/1990 03:00,0
11/06/1990 04:00,1.555467082
11/06/1990 05:00,5.560618327
11/06/1990 06:00,10.52700178
11/06/1990 07:00,16.37317616
11/06/1990 08:00,23.54942171
11/06/1990 09:00,30.57424377
11/06/1990 10:00,34.16338968
11/06/1990 11:00,38.83603203
11/06/1990 12:00,39.24733096
11/06/1990 13:00,34.37824733
11/06/1990 14:00,29.68207295
11/06/1990 15:00,25.75427046
11/06/1990 16:00,18.34065836
11/06/1990 17:00,11.96859431
11/06/1990 18:00,6.143291815
11/06/1990 19:00,1.831303381
11/06/1990 20:00,0
11/06/1990 21:00,0
11/06/1990 22:00,0
11/06/1990 23:00,0
12/06/1990 00:00,0
12/06/1990 01:00,0
12/06/1990 02:00,0
12/06/1990 03:00,0
12/06/1990 04:00,2.636405694
12/06/1990 05:00,7.880057829
12/06/1990 06:00,12.06067616
12/06/1990 07:00,22.80253559
12/06/1990 08:00,35.62442171
12/06/1990 09:00,29.00475979
12/06/1990 10:00,36.23216192
12/06/1990 11:00,59.33242883
12/06/1990 12:00,52.12958185
12/06/1990 13:00,54.49096975
12/06/1990 14:00,49.60653915
12/06/1990 15:00,44.34150356
12/06/1990 16:00,30.79217082
12/06/1990 17:00,23.91467972
12/06/1990 18:00,10.97820285
12/06/1990 19:00,5.276392349
12/06/1990 20:00,0
12/06/1990 21:00,0
12/06/1990 22:00,0
12/06/1990 23:00,0
13/06/1990 00:00,0
13/06/1990 01:00,0
13/06/1990 02:00,0
13/06/1990 03:00,0
13/06/1990 04:00,0.07094702
13/06/1990 05:00,1.285871886
13/06/1990 06:00,2.980791815
13/06/1990 07:00,4.795213523
13/06/1990 08:00,6.215115658
13/06/1990 09:00,7.07863879
13/06/1990 10:00,8.593282918
13/06/1990 11:00,9.471948399
13/06/1990 12:00,9.565462633
13/06/1990 13:00,8.723016014
13/06/1990 14:00,7.818669929
13/06/1990 15:00,6.174497331
13/06/1990 16:00,4.817313167
13/06/1990 17:00,3.530725089
13/06/1990 18:00,1.627188612
13/06/1990 19:00,0.198579626
13/06/1990 20:00,0
13/06/1990 21:00,0
13/06/1990 22:00,0
13/06/1990 23:00,0
14/06/1990 00:00,0
14/06/1990 01:00,0
14/06/1990 02:00,0
14/06/1990 03:00,0
14/06/1990 04:00,5.4298621
14/06/1990 05:00,6.350066726
14/06/1990 06:00,25.90671708
14/06/1990 07:00,44.7497331
14/06/1990 08:00,67.87148577
14/06/1990 09:00,79.61703737
14/06/1990 10:00,81.85053381
14/06/1990 11:00,81.85053381
14/06/1990 12:00,81.85053381
14/06/1990 13:00,81.85053381
14/06/1990 14:00,71.47700178
14/06/1990 15:00,61.44212633
14/06/1990 16:00,44.85
14/06/1990 17:00,27.00146797
14/06/1990 18:00,10.89635231
14/06/1990 19:00,3.936703737
14/06/1990 20:00,0
14/06/1990 21:00,0
14/06/1990 22:00,0
14/06/1990 23:00,0
15/06/1990 00:00,0
15/06/1990 01:00,0
15/06/1990 02:00,0
15/06/1990 03:00,0
15/06/1990 04:00,1.036841637
15/06/1990 05:00,4.924025801
15/06/1990 06:00,7.079354982
15/06/1990 07:00,10.87793594
15/06/1990 08:00,12.29190391
15/06/1990 09:00,15.40529359
15/06/1990 10:00,17.86592527
15/06/1990 11:00,20.32348754
15/06/1990 12:00,23.75609431
15/06/1990 13:00,22.41476868
15/06/1990 14:00,18.41739324
15/06/1990 15:00,13.90538256
15/06/1990 16:00,10.42673488
15/06/1990 17:00,6.278038256
15/06/1990 18:00,3.249261566
15/06/1990 19:00,1.37161032
15/06/1990 20:00,0
15/06/1990 21:00,0
15/06/1990 22:00,0
15/06/1990 23:00,0
16/06/1990 00:00,0
16/06/1990 01:00,0
16/06/1990 02:00,0
16/06/1990 03:00,0
16/06/1990 04:00,2.510151246
16/06/1990 05:00,7.626423488
16/06/1990 06:00,16.3455516
16/06/1990 07:00,24.77922598
16/06/1990 08:00,37.01792705
16/06/1990 09:00,44.80395907
16/06/1990 10:00,50.1283363
16/06/1990 11:00,51.2588968
16/06/1990 12:00,50.10480427
16/06/1990 13:00,45.90280249
16/06/1990 14:00,36.1022242
16/06/1990 15:00,29.44982206
16/06/1990 16:00,20.43296263
16/06/1990 17:00,10.45538256
16/06/1990 18:00,3.673349644
16/06/1990 19:00,0.33140258
16/06/1990 20:00,0
16/06/1990 21:00,0
16/06/1990 22:00,0
16/06/1990 23:00,0
17/06/1990 00:00,0
17/06/1990 01:00,0
17/06/1990 02:00,0
17/06/1990 03:00,0
17/06/1990 04:00,0
17/06/1990 05:00,0.880814057
17/06/1990 06:00,2.136401246
17/06/1990 07:00,22.6316726
17/06/1990 08:00,48.84942171
17/06/1990 09:00,34.26979537
17/06/1990 10:00,62.2422153
17/06/1990 11:00,66.48309609
17/06/1990 12:00,56.50551601
17/06/1990 13:00,81.85053381
17/06/1990 14:00,81.85053381
17/06/1990 15:00,54.9155694
17/06/1990 16:00,23.8430605
17/06/1990 17:00,20.48411922
17/06/1990 18:00,1.610102313
17/06/1990 19:00,5.274346085
17/06/1990 20:00,0.703167705
17/06/1990 21:00,0
17/06/1990 22:00,0
17/06/1990 23:00,0
18/06/1990 00:00,0
18/06/1990 01:00,0
18/06/1990 02:00,0
18/06/1990 03:00,0
18/06/1990 04:00,5.592949288
18/06/1990 05:00,8.198456406
18/06/1990 06:00,27.7616548
18/06/1990 07:00,50.83020463
18/06/1990 08:00,59.01730427
18/06/1990 09:00,55.67677936
18/06/1990 10:00,48.28465302
18/06/1990 11:00,33.36432384
18/06/1990 12:00,43.58336299
18/06/1990 13:00,39.34350534
18/06/1990 14:00,49.62904804
18/06/1990 15:00,42.87330961
18/06/1990 16:00,28.90858541
18/06/1990 17:00,24.68509786
18/06/1990 18:00,13.17691281
18/06/1990 19:00,3.019670819
18/06/1990 20:00,0
18/06/1990 21:00,0
18/06/1990 22:00,0
18/06/1990 23:00,0
19/06/1990 00:00,0
19/06/1990 01:00,0
19/06/1990 02:00,0
19/06/1990 03:00,0
19/06/1990 04:00,2.820671708
19/06/1990 05:00,8.094096975
19/06/1990 06:00,20.451379
19/06/1990 07:00,28.998621
19/06/1990 08:00,38.1536032
19/06/1990 09:00,53.78603203
19/06/1990 10:00,62.30053381
19/06/1990 11:00,65.78736655
19/06/1990 12:00,73.62046263
19/06/1990 13:00,71.66935053
19/06/1990 14:00,65.35458185
19/06/1990 15:00,46.80213523
19/06/1990 16:00,38.43803381
19/06/1990 17:00,29.18790036
19/06/1990 18:00,11.23910142
19/06/1990 19:00,4.900186833
19/06/1990 20:00,0
19/06/1990 21:00,0
19/06/1990 22:00,0
19/06/1990 23:00,0
20/06/1990 00:00,0
20/06/1990 01:00,0
20/06/1990 02:00,0
20/06/1990 03:00,0
20/06/1990 04:00,3.965351423
20/06/1990 05:00,8.624283808
20/06/1990 06:00,21.2330516
20/06/1990 07:00,40.23669929
20/06/1990 08:00,58.07909253
20/06/1990 09:00,65.12130783
20/06/1990 10:00,81.85053381
20/06/1990 11:00,81.85053381
20/06/1990 12:00,81.85053381
20/06/1990 13:00,81.85053381
20/06/1990 14:00,71.08616548
20/06/1990 15:00,66.23242883
20/06/1990 16:00,42.64105872
20/06/1990 17:00,29.25951957
20/06/1990 18:00,11.33016014
20/06/1990 19:00,4.746307829
20/06/1990 20:00,0
20/06/1990 21:00,0
20/06/1990 22:00,0
20/06/1990 23:00,0
21/06/1990 00:00,0
21/06/1990 01:00,0
21/06/1990 02:00,0
21/06/1990 03:00,0
21/06/1990 04:00,3.84441726
21/06/1990 05:00,8.740818505
21/06/1990 06:00,21.53487544
21/06/1990 07:00,36.27206406
21/06/1990 08:00,55.74021352
21/06/1990 09:00,64.65066726
21/06/1990 10:00,78.58265125
21/06/1990 11:00,81.85053381
21/06/1990 12:00,81.85053381
21/06/1990 13:00,81.85053381
21/06/1990 14:00,80.74350534
21/06/1990 15:00,70.03438612
21/06/1990 16:00,47.97975979
21/06/1990 17:00,30.69906584
21/06/1990 18:00,11.34959964
21/06/1990 19:00,4.206912811
21/06/1990 20:00,0
21/06/1990 21:00,0
21/06/1990 22:00,0
21/06/1990 23:00,0
22/06/1990 00:00,0
22/06/1990 01:00,0
22/06/1990 02:00,0
22/06/1990 03:00,0
22/06/1990 04:00,0.59947331
22/06/1990 05:00,2.78455516
22/06/1990 06:00,4.564190391
22/06/1990 07:00,8.514297153
22/06/1990 08:00,13.05516014
22/06/1990 09:00,14.94488434
22/06/1990 10:00,16.82540036
22/06/1990 11:00,16.88781139
22/06/1990 12:00,17.90173488
22/06/1990 13:00,15.54034698
22/06/1990 14:00,14.90088968
22/06/1990 15:00,12.65920819
22/06/1990 16:00,9.39511121
22/06/1990 17:00,6.58600089
22/06/1990 18:00,3.773002669
22/06/1990 19:00,1.005329181
22/06/1990 20:00,0
22/06/1990 21:00,0
22/06/1990 22:00,0
22/06/1990 23:00,0
23/06/1990 00:00,0
23/06/1990 01:00,0
23/06/1990 02:00,0
23/06/1990 03:00,0
23/06/1990 04:00,1.569790925
23/06/1990 05:00,6.488291815
23/06/1990 06:00,13.82046263
23/06/1990 07:00,24.37508897
23/06/1990 08:00,31.1113879
23/06/1990 09:00,38.47998221
23/06/1990 10:00,45.59790925
23/06/1990 11:00,46.59341637
23/06/1990 12:00,47.70044484
23/06/1990 13:00,44.17780249
23/06/1990 14:00,38.64266014
23/06/1990 15:00,31.16459075
23/06/1990 16:00,23.27419929
23/06/1990 17:00,15.76032028
23/06/1990 18:00,7.750324733
23/06/1990 19:00,1.672104093
23/06/1990 20:00,0
23/06/1990 21:00,0
23/06/1990 22:00,0
23/06/1990 23:00,0
24/06/1990 00:00,0
24/06/1990 01:00,0
24/06/1990 02:00,0
24/06/1990 03:00,0
24/06/1990 04:00,2.017308719
24/06/1990 05:00,6.726272242
24/06/1990 06:00,13.50636121
24/06/1990 07:00,21.601379
24/06/1990 08:00,29.8355427
24/06/1990 09:00,36.91459075
24/06/1990 10:00,42.68505338
24/06/1990 11:00,43.25186833
24/06/1990 12:00,41.58007117
24/06/1990 13:00,37.36579181
24/06/1990 14:00,32.6747331
24/06/1990 15:00,22.65827402
24/06/1990 16:00,19.84159253
24/06/1990 17:00,12.72059609
24/06/1990 18:00,5.782535587
24/06/1990 19:00,1.400769573
24/06/1990 20:00,0
24/06/1990 21:00,0
24/06/1990 22:00,0
24/06/1990 23:00,0
25/06/1990 00:00,0
25/06/1990 01:00,0
25/06/1990 02:00,0
25/06/1990 03:00,0
25/06/1990 04:00,4.636218861
25/06/1990 05:00,7.23886121
25/06/1990 06:00,24.1725089
25/06/1990 07:00,45.96623665
25/06/1990 08:00,62.19924377
25/06/1990 09:00,75.8969306
25/06/1990 10:00,81.85053381
25/06/1990 11:00,81.85053381
25/06/1990 12:00,81.85053381
25/06/1990 13:00,76.17215302
25/06/1990 14:00,69.33558719
25/06/1990 15:00,58.73696619
25/06/1990 16:00,49.19319395
25/06/1990 17:00,30.47295374
25/06/1990 18:00,12.00440391
25/06/1990 19:00,4.195146797
25/06/1990 20:00,0
25/06/1990 21:00,0
25/06/1990 22:00,0
25/06/1990 23:00,0
26/06/1990 00:00,0
26/06/1990 01:00,0
26/06/1990 02:00,0
26/06/1990 03:00,0
26/06/1990 04:00,5.419937722
26/06/1990 05:00,6.754101423
26/06/1990 06:00,24.67282028
26/06/1990 07:00,44.22691281
26/06/1990 08:00,57.94199288
26/06/1990 09:00,67.85102313
26/06/1990 10:00,77.63625445
26/06/1990 11:00,81.85053381
26/06/1990 12:00,81.85053381
26/06/1990 13:00,81.85053381
26/06/1990 14:00,79.38274021
26/06/1990 15:00,71.02580071
26/06/1990 16:00,50.88545374
26/06/1990 17:00,30.99679715
26/06/1990 18:00,11.69234875
26/06/1990 19:00,4.064799822
26/06/1990 20:00,0
26/06/1990 21:00,0
26/06/1990 22:00,0
26/06/1990 23:00,0
27/06/1990 00:00,0
27/06/1990 01:00,0
27/06/1990 02:00,0
27/06/1990 03:00,0
27/06/1990 04:00,3.929234875
27/06/1990 05:00,8.358883452
27/06/1990 06:00,19.2594306
27/06/1990 07:00,33.7408363
27/06/1990 08:00,42.99199288
27/06/1990 09:00,50.76881673
27/06/1990 10:00,61.30809609
27/06/1990 11:00,70.19911032
27/06/1990 12:00,70.43136121
27/06/1990 13:00,65.51521352
27/06/1990 14:00,58.30213523
27/06/1990 15:00,47.22878114
27/06/1990 16:00,33.26098754
27/06/1990 17:00,22.61018683
27/06/1990 18:00,10.51370107
27/06/1990 19:00,3.976401246
27/06/1990 20:00,0
27/06/1990 21:00,0
27/06/1990 22:00,0
27/06/1990 23:00,0
28/06/1990 00:00,0
28/06/1990 01:00,0
28/06/1990 02:00,0
28/06/1990 03:00,0
28/06/1990 04:00,2.709559609
28/06/1990 05:00,6.876774911
28/06/1990 06:00,1.979248221
28/06/1990 07:00,3.280262456
28/06/1990 08:00,14.30133452
28/06/1990 09:00,13.16156584
28/06/1990 10:00,6.273843416
28/06/1990 11:00,16.64021352
28/06/1990 12:00,81.85053381
28/06/1990 13:00,81.85053381
28/06/1990 14:00,81.85053381
28/06/1990 15:00,81.37273132
28/06/1990 16:00,29.70560498
28/06/1990 17:00,30.67655694
28/06/1990 18:00,5.909403915
28/06/1990 19:00,5.975088968
28/06/1990 20:00,0.31220863
28/06/1990 21:00,0
28/06/1990 22:00,0
28/06/1990 23:00,0
29/06/1990 00:00,0
29/06/1990 01:00,0
29/06/1990 02:00,0
29/06/1990 03:00,0
29/06/1990 04:00,0
29/06/1990 05:00,6.157513345
29/06/1990 06:00,2.007588968
29/06/1990 07:00,8.885591637
29/06/1990 08:00,4.655044484
29/06/1990 09:00,9.623269573
29/06/1990 10:00,11.19919929
29/06/1990 11:00,64.97090747
29/06/1990 12:00,81.85053381
29/06/1990 13:00,81.85053381
29/06/1990 14:00,81.85053381
29/06/1990 15:00,44.59933274
29/06/1990 16:00,51.60164591
29/06/1990 17:00,22.78514235
29/06/1990 18:00,11.83456406
29/06/1990 19:00,5.430782918
29/06/1990 20:00,0.11631984
29/06/1990 21:00,0
29/06/1990 22:00,0
29/06/1990 23:00,0
30/06/1990 00:00,0
30/06/1990 01:00,0
30/06/1990 02:00,0
30/06/1990 03:00,0
30/06/1990 04:00,1.534799822
30/06/1990 05:00,6.197517794
30/06/1990 06:00,12.61419039
30/06/1990 07:00,20.04519573
30/06/1990 08:00,29.79461744
30/06/1990 09:00,37.5786032
30/06/1990 10:00,40.4761121
30/06/1990 11:00,43.18127224
30/06/1990 12:00,40.00956406
30/06/1990 13:00,38.81352313
30/06/1990 14:00,33.71014235
30/06/1990 15:00,29.79154804
30/06/1990 16:00,20.4319395
30/06/1990 17:00,14.43434164
30/06/1990 18:00,7.73375
30/06/1990 19:00,2.103661032
30/06/1990 20:00,0
30/06/1990 21:00,0
30/06/1990 22:00,0
30/06/1990 23:00,0
01/07/1990 00:00,0
01/07/1990 01:00,0
01/07/1990 02:00,0
01/07/1990 03:00,0
01/07/1990 04:00,0.862326068
01/07/1990 05:00,4.602557829
01/07/1990 06:00,9.103007117
01/07/1990 07:00,17.53545374
01/07/1990 08:00,13.06948399
01/07/1990 09:00,5.393540925
01/07/1990 10:00,12.52824733
01/07/1990 11:00,32.25524911
01/07/1990 12:00,42.82419929
01/07/1990 13:00,49.85106762
01/07/1990 14:00,39.21049822
01/07/1990 15:00,35.99991103
01/07/1990 16:00,26.22184164
01/07/1990 17:00,13.93096085
01/07/1990 18:00,9.691819395
01/07/1990 19:00,3.721846085
01/07/1990 20:00,0
01/07/1990 21:00,0
01/07/1990 22:00,0
01/07/1990 23:00,0
02/07/1990 00:00,0
02/07/1990 01:00,0
02/07/1990 02:00,0
02/07/1990 03:00,0
02/07/1990 04:00,1.222949288
02/07/1990 05:00,5.027771352
02/07/1990 06:00,10.04162811
02/07/1990 07:00,16.71899466
02/07/1990 08:00,21.81419039
02/07/1990 09:00,25.84430605
02/07/1990 10:00,27.16005338
02/07/1990 11:00,28.62313167
02/07/1990 12:00,27.22451068
02/07/1990 13:00,25.63047153
02/07/1990 14:00,23.52077402
02/07/1990 15:00,18.55346975
02/07/1990 16:00,14.51926157
02/07/1990 17:00,9.935017794
02/07/1990 18:00,5.609933274
02/07/1990 19:00,1.903536477
02/07/1990 20:00,0
02/07/1990 21:00,0
02/07/1990 22:00,0
02/07/1990 23:00,0
03/07/1990 00:00,0
03/07/1990 01:00,0
03/07/1990 02:00,0
03/07/1990 03:00,0
03/07/1990 04:00,3.327633452
03/07/1990 05:00,10.18496886
03/07/1990 06:00,20.39919929
03/07/1990 07:00,34.31788256
03/07/1990 08:00,50.12629004
03/07/1990 09:00,64.39590747
03/07/1990 10:00,75.04670819
03/07/1990 11:00,80.32095196
03/07/1990 12:00,81.85053381
03/07/1990 13:00,79.87793594
03/07/1990 14:00,71.04012456
03/07/1990 15:00,59.12575623
03/07/1990 16:00,44.18496441
03/07/1990 17:00,28.16783808
03/07/1990 18:00,12.35533808
03/07/1990 19:00,5.963425267
03/07/1990 20:00,0
03/07/1990 21:00,0
03/07/1990 22:00,0
03/07/1990 23:00,0
04/07/1990 00:00,0
04/07/1990 01:00,0
04/07/1990 02:00,0
04/07/1990 03:00,0
04/07/1990 04:00,4.798692171
04/07/1990 05:00,6.894270463
04/07/1990 06:00,24.49172598
04/07/1990 07:00,46.51565836
04/07/1990 08:00,64.72433274
04/07/1990 09:00,79.9280694
04/07/1990 10:00,81.85053381
04/07/1990 11:00,81.85053381
04/07/1990 12:00,81.85053381
04/07/1990 13:00,81.85053381
04/07/1990 14:00,81.34817616
04/07/1990 15:00,67.87148577
04/07/1990 16:00,49.96156584
04/07/1990 17:00,30.18033808
04/07/1990 18:00,12.97535587
04/07/1990 19:00,5.913496441
04/07/1990 20:00,0
04/07/1990 21:00,0
04/07/1990 22:00,0
04/07/1990 23:00,0
05/07/1990 00:00,0
05/07/1990 01:00,0
05/07/1990 02:00,0
05/07/1990 03:00,0
05/07/1990 04:00,4.152789146
05/07/1990 05:00,8.166330071
05/07/1990 06:00,23.27522242
05/07/1990 07:00,40.87206406
05/07/1990 08:00,57.53785587
05/07/1990 09:00,71.9363879
05/07/1990 10:00,81.85053381
05/07/1990 11:00,81.85053381
05/07/1990 12:00,81.85053381
05/07/1990 13:00,81.85053381
05/07/1990 14:00,81.74003559
05/07/1990 15:00,70.73420819
05/07/1990 16:00,52.54395018
05/07/1990 17:00,32.69008007
05/07/1990 18:00,12.34612989
05/07/1990 19:00,4.582913701
05/07/1990 20:00,0
05/07/1990 21:00,0
05/07/1990 22:00,0
05/07/1990 23:00,0
06/07/1990 00:00,0
06/07/1990 01:00,0
06/07/1990 02:00,0
06/07/1990 03:00,0
06/07/1990 04:00,5.77649911
06/07/1990 05:00,6.056939502
06/07/1990 06:00,25.83919039
06/07/1990 07:00,49.54208185
06/07/1990 08:00,70.53981317
06/07/1990 09:00,81.85053381
06/07/1990 10:00,81.85053381
06/07/1990 11:00,81.85053381
06/07/1990 12:00,81.85053381
06/07/1990 13:00,81.85053381
06/07/1990 14:00,81.85053381
06/07/1990 15:00,79.69070285
06/07/1990 16:00,60.54381673
06/07/1990 17:00,37.5202847
06/07/1990 18:00,13.28127224
06/07/1990 19:00,4.52019573
06/07/1990 20:00,0
06/07/1990 21:00,0
06/07/1990 22:00,0
06/07/1990 23:00,0
07/07/1990 00:00,0
07/07/1990 01:00,0
07/07/1990 02:00,0
07/07/1990 03:00,0
07/07/1990 04:00,5.577909253
07/07/1990 05:00,5.762891459
07/07/1990 06:00,25.20996441
07/07/1990 07:00,48.01147687
07/07/1990 08:00,67.8469306
07/07/1990 09:00,81.85053381
07/07/1990 10:00,81.85053381
07/07/1990 11:00,81.85053381
07/07/1990 12:00,81.85053381
07/07/1990 13:00,81.85053381
07/07/1990 14:00,81.85053381
07/07/1990 15:00,75.28407473
07/07/1990 16:00,56.90965302
07/07/1990 17:00,34.87651246
07/07/1990 18:00,12.24688612
07/07/1990 19:00,4.557233096
07/07/1990 20:00,0
07/07/1990 21:00,0
07/07/1990 22:00,0
07/07/1990 23:00,0
08/07/1990 00:00,0
08/07/1990 01:00,0
08/07/1990 02:00,0
08/07/1990 03:00,0
08/07/1990 04:00,1.146623665
08/07/1990 05:00,4.885351423
08/07/1990 06:00,9.677904804
08/07/1990 07:00,14.84052491
08/07/1990 08:00,20.51174377
08/07/1990 09:00,24.08963523
08/07/1990 10:00,27.50791815
08/07/1990 11:00,32.45782918
08/07/1990 12:00,33.598621
08/07/1990 13:00,29.87851423
08/07/1990 14:00,27.48847865
08/07/1990 15:00,22.30529359
08/07/1990 16:00,17.1047153
08/07/1990 17:00,12.43002669
08/07/1990 18:00,6.439897687
08/07/1990 19:00,2.235031139
08/07/1990 20:00,0
08/07/1990 21:00,0
08/07/1990 22:00,0
08/07/1990 23:00,0
09/07/1990 00:00,0
09/07/1990 01:00,0
09/07/1990 02:00,0
09/07/1990 03:00,0
09/07/1990 04:00,1.192562278
09/07/1990 05:00,2.554350534
09/07/1990 06:00,2.244239324
09/07/1990 07:00,9.110475979
09/07/1990 08:00,20.74297153
09/07/1990 09:00,23.3713968
09/07/1990 10:00,26.30266904
09/07/1990 11:00,31.21063167
09/07/1990 12:00,30.34301601
09/07/1990 13:00,31.4797153
09/07/1990 14:00,30.93029359
09/07/1990 15:00,23.62308719
09/07/1990 16:00,13.09506228
09/07/1990 17:00,13.48896797
09/07/1990 18:00,7.085596085
09/07/1990 19:00,2.933727758
09/07/1990 20:00,0
09/07/1990 21:00,0
09/07/1990 22:00,0
09/07/1990 23:00,0
10/07/1990 00:00,0
10/07/1990 01:00,0
10/07/1990 02:00,0
10/07/1990 03:00,0
10/07/1990 04:00,4.67786032
10/07/1990 05:00,5.829395018
10/07/1990 06:00,24.30756228
10/07/1990 07:00,47.06201068
10/07/1990 08:00,67.81214413
10/07/1990 09:00,81.85053381
10/07/1990 10:00,81.85053381
10/07/1990 11:00,81.85053381
10/07/1990 12:00,81.85053381
10/07/1990 13:00,81.85053381
10/07/1990 14:00,81.85053381
10/07/1990 15:00,77.06841637
10/07/1990 16:00,58.21107651
10/07/1990 17:00,36.16975089
10/07/1990 18:00,12.69501779
10/07/1990 19:00,4.381766014
10/07/1990 20:00,0
10/07/1990 21:00,0
10/07/1990 22:00,0
10/07/1990 23:00,0
11/07/1990 00:00,0
11/07/1990 01:00,0
11/07/1990 02:00,0
11/07/1990 03:00,0
11/07/1990 04:00,0.353584075
11/07/1990 05:00,2.874897687
11/07/1990 06:00,6.369506228
11/07/1990 07:00,9.164292705
11/07/1990 08:00,10.77050712
11/07/1990 09:00,13.81637011
11/07/1990 10:00,16.02019573
11/07/1990 11:00,16.5327847
11/07/1990 12:00,20.38180605
11/07/1990 13:00,17.96926157
11/07/1990 14:00,14.41183274
11/07/1990 15:00,12.82393238
11/07/1990 16:00,9.470516014
11/07/1990 17:00,6.071774911
11/07/1990 18:00,2.796218861
11/07/1990 19:00,0.322920819
11/07/1990 20:00,0
11/07/1990 21:00,0
11/07/1990 22:00,0
11/07/1990 23:00,0
12/07/1990 00:00,0
12/07/1990 01:00,0
12/07/1990 02:00,0
12/07/1990 03:00,0
12/07/1990 04:00,0.576995107
12/07/1990 05:00,3.666801601
12/07/1990 06:00,8.817451068
12/07/1990 07:00,12.1783363
12/07/1990 08:00,17.40346975
12/07/1990 09:00,23.19644128
12/07/1990 10:00,18.88598754
12/07/1990 11:00,22.52117438
12/07/1990 12:00,24.51014235
12/07/1990 13:00,31.22290925
12/07/1990 14:00,29.68207295
12/07/1990 15:00,17.2305605
12/07/1990 16:00,8.76844306
12/07/1990 17:00,7.781018683
12/07/1990 18:00,5.344839858
12/07/1990 19:00,1.290475979
12/07/1990 20:00,0
12/07/1990 21:00,0
12/07/1990 22:00,0
12/07/1990 23:00,0
13/07/1990 00:00,0
13/07/1990 01:00,0
13/07/1990 02:00,0
13/07/1990 03:00,0
13/07/1990 04:00,3.019875445
13/07/1990 05:00,7.082629004
13/07/1990 06:00,21.39061388
13/07/1990 07:00,40.4761121
13/07/1990 08:00,56.2077847
13/07/1990 09:00,67.68220641
13/07/1990 10:00,77.96161032
13/07/1990 11:00,81.66637011
13/07/1990 12:00,81.85053381
13/07/1990 13:00,81.85053381
13/07/1990 14:00,76.37882562
13/07/1990 15:00,67.15733986
13/07/1990 16:00,52.10911922
13/07/1990 17:00,33.24870996
13/07/1990 18:00,12.26427936
13/07/1990 19:00,4.628852313
13/07/1990 20:00,0
13/07/1990 21:00,0
13/07/1990 22:00,0
13/07/1990 23:00,0
14/07/1990 00:00,0
14/07/1990 01:00,0
14/07/1990 02:00,0
14/07/1990 03:00,0
14/07/1990 04:00,0.601079626
14/07/1990 05:00,6.560320285
14/07/1990 06:00,14.5366548
14/07/1990 07:00,25.22121886
14/07/1990 08:00,30.14759786
14/07/1990 09:00,31.87566726
14/07/1990 10:00,17.71757117
14/07/1990 11:00,13.98518683
14/07/1990 12:00,20.86370107
14/07/1990 13:00,27.51201068
14/07/1990 14:00,23.99448399
14/07/1990 15:00,17.96107651
14/07/1990 16:00,8.197126335
14/07/1990 17:00,3.202606762
14/07/1990 18:00,1.262953737
14/07/1990 19:00,0.45269484
14/07/1990 20:00,0
14/07/1990 21:00,0
14/07/1990 22:00,0
14/07/1990 23:00,0
15/07/1990 00:00,0
15/07/1990 01:00,0
15/07/1990 02:00,0
15/07/1990 03:00,0
15/07/1990 04:00,0
15/07/1990 05:00,2.681218861
15/07/1990 06:00,6.239773132
15/07/1990 07:00,10.10997331
15/07/1990 08:00,12.6305605
15/07/1990 09:00,15.80226868
15/07/1990 10:00,15.3991548
15/07/1990 11:00,18.66908363
15/07/1990 12:00,18.49310498
15/07/1990 13:00,17.52112989
15/07/1990 14:00,17.56307829
15/07/1990 15:00,16.08976868
15/07/1990 16:00,10.95569395
15/07/1990 17:00,8.108011566
15/07/1990 18:00,3.153803381
15/07/1990 19:00,0.895874555
15/07/1990 20:00,0
15/07/1990 21:00,0
15/07/1990 22:00,0
15/07/1990 23:00,0
16/07/1990 00:00,0
16/07/1990 01:00,0
16/07/1990 02:00,0
16/07/1990 03:00,0
16/07/1990 04:00,0.3805129
16/07/1990 05:00,7.09899911
16/07/1990 06:00,14.69421708
16/07/1990 07:00,22.1149911
16/07/1990 08:00,30.33790036
16/07/1990 09:00,33.47175267
16/07/1990 10:00,35.37887011
16/07/1990 11:00,38.84626335
16/07/1990 12:00,42.47224199
16/07/1990 13:00,38.93220641
16/07/1990 14:00,32.76579181
16/07/1990 15:00,29.81201068
16/07/1990 16:00,22.80969751
16/07/1990 17:00,15.95164591
16/07/1990 18:00,7.581405694
16/07/1990 19:00,2.30419484
16/07/1990 20:00,0
16/07/1990 21:00,0
16/07/1990 22:00,0
16/07/1990 23:00,0
17/07/1990 00:00,0
17/07/1990 01:00,0
17/07/1990 02:00,0
17/07/1990 03:00,0
17/07/1990 04:00,0
17/07/1990 05:00,4.638572064
17/07/1990 06:00,6.907059609
17/07/1990 07:00,9.825235765
17/07/1990 08:00,20.08100534
17/07/1990 09:00,22.40146797
17/07/1990 10:00,21.41414591
17/07/1990 11:00,21.23714413
17/07/1990 12:00,27.36877224
17/07/1990 13:00,34.73225089
17/07/1990 14:00,29.52758007
17/07/1990 15:00,17.20498221
17/07/1990 16:00,12.35431495
17/07/1990 17:00,13.0377669
17/07/1990 18:00,7.703465302
17/07/1990 19:00,2.931783808
17/07/1990 20:00,0
17/07/1990 21:00,0
17/07/1990 22:00,0
17/07/1990 23:00,0
18/07/1990 00:00,0
18/07/1990 01:00,0
18/07/1990 02:00,0
18/07/1990 03:00,0
18/07/1990 04:00,0
18/07/1990 05:00,4.107464413
18/07/1990 06:00,12.12411032
18/07/1990 07:00,13.12677936
18/07/1990 08:00,29.79768683
18/07/1990 09:00,39.55427046
18/07/1990 10:00,35.46481317
18/07/1990 11:00,39.25551601
18/07/1990 12:00,11.17669039
18/07/1990 13:00,21.26067616
18/07/1990 14:00,32.69724199
18/07/1990 15:00,18.59746441
18/07/1990 16:00,13.14826512
18/07/1990 17:00,7.262597865
18/07/1990 18:00,0.855379004
18/07/1990 19:00,0
18/07/1990 20:00,0
18/07/1990 21:00,0
18/07/1990 22:00,0
18/07/1990 23:00,0
19/07/1990 00:00,0
19/07/1990 01:00,0
19/07/1990 02:00,0
19/07/1990 03:00,0
19/07/1990 04:00,0.285259342
19/07/1990 05:00,3.89352758
19/07/1990 06:00,5.182264235
19/07/1990 07:00,24.34848754
19/07/1990 08:00,45.6705516
19/07/1990 09:00,35.64283808
19/07/1990 10:00,38.89537367
19/07/1990 11:00,46.10435943
19/07/1990 12:00,28.6691726
19/07/1990 13:00,14.40057829
19/07/1990 14:00,8.124177046
19/07/1990 15:00,14.911121
19/07/1990 16:00,16.55938612
19/07/1990 17:00,9.060751779
19/07/1990 18:00,5.642571174
19/07/1990 19:00,0.978175267
19/07/1990 20:00,0
19/07/1990 21:00,0
19/07/1990 22:00,0
19/07/1990 23:00,0
20/07/1990 00:00,0
20/07/1990 01:00,0
20/07/1990 02:00,0
20/07/1990 03:00,0
20/07/1990 04:00,0
20/07/1990 05:00,3.870302491
20/07/1990 06:00,4.340738434
20/07/1990 07:00,12.23563167
20/07/1990 08:00,15.86467972
20/07/1990 09:00,12.81779359
20/07/1990 10:00,19.20827402
20/07/1990 11:00,44.27909253
20/07/1990 12:00,36.01116548
20/07/1990 13:00,38.62424377
20/07/1990 14:00,47.5602758
20/07/1990 15:00,37.42820285
20/07/1990 16:00,33.99968861
20/07/1990 17:00,27.61023132
20/07/1990 18:00,11.63096085
20/07/1990 19:00,5.935903025
20/07/1990 20:00,0
20/07/1990 21:00,0
20/07/1990 22:00,0
20/07/1990 23:00,0
21/07/1990 00:00,0
21/07/1990 01:00,0
21/07/1990 02:00,0
21/07/1990 03:00,0
21/07/1990 04:00,0.52355694
21/07/1990 05:00,4.991961744
21/07/1990 06:00,21.72927046
21/07/1990 07:00,44.11948399
21/07/1990 08:00,65.4855427
21/07/1990 09:00,81.57121886
21/07/1990 10:00,81.85053381
21/07/1990 11:00,53.97531139
21/07/1990 12:00,54.35591637
21/07/1990 13:00,51.61699288
21/07/1990 14:00,47.05996441
21/07/1990 15:00,40.76463523
21/07/1990 16:00,31.13185053
21/07/1990 17:00,20.43603203
21/07/1990 18:00,10.45742883
21/07/1990 19:00,3.150324733
21/07/1990 20:00,0
21/07/1990 21:00,0
21/07/1990 22:00,0
21/07/1990 23:00,0
22/07/1990 00:00,0
22/07/1990 01:00,0
22/07/1990 02:00,0
22/07/1990 03:00,0
22/07/1990 04:00,0.406224199
22/07/1990 05:00,5.19341637
22/07/1990 06:00,20.89439502
22/07/1990 07:00,41.89928826
22/07/1990 08:00,61.73371886
22/07/1990 09:00,77.18198399
22/07/1990 10:00,81.85053381
22/07/1990 11:00,81.85053381
22/07/1990 12:00,81.85053381
22/07/1990 13:00,81.85053381
22/07/1990 14:00,81.85053381
22/07/1990 15:00,70.96032028
22/07/1990 16:00,53.21819395
22/07/1990 17:00,31.93091637
22/07/1990 18:00,10.58634342
22/07/1990 19:00,3.917161922
22/07/1990 20:00,0
22/07/1990 21:00,0
22/07/1990 22:00,0
22/07/1990 23:00,0
23/07/1990 00:00,0
23/07/1990 01:00,0
23/07/1990 02:00,0
23/07/1990 03:00,0
23/07/1990 04:00,0.342452402
23/07/1990 05:00,4.923002669
23/07/1990 06:00,21.50725089
23/07/1990 07:00,44.31899466
23/07/1990 08:00,65.18678826
23/07/1990 09:00,81.68274021
23/07/1990 10:00,81.85053381
23/07/1990 11:00,81.85053381
23/07/1990 12:00,81.85053381
23/07/1990 13:00,81.85053381
23/07/1990 14:00,81.85053381
23/07/1990 15:00,75.6125
23/07/1990 16:00,56.80938612
23/07/1990 17:00,34.26672598
23/07/1990 18:00,11.08358541
23/07/1990 19:00,3.930258007
23/07/1990 20:00,0
23/07/1990 21:00,0
23/07/1990 22:00,0
23/07/1990 23:00,0
24/07/1990 00:00,0
24/07/1990 01:00,0
24/07/1990 02:00,0
24/07/1990 03:00,0
24/07/1990 04:00,0
24/07/1990 05:00,3.154724199
24/07/1990 06:00,8.576298932
24/07/1990 07:00,13.27513345
24/07/1990 08:00,16.56245552
24/07/1990 09:00,18.74479537
24/07/1990 10:00,23.58625445
24/07/1990 11:00,29.8805605
24/07/1990 12:00,23.98322954
24/07/1990 13:00,20.69488434
24/07/1990 14:00,18.46036477
24/07/1990 15:00,11.538879
24/07/1990 16:00,9.029853203
24/07/1990 17:00,6.143291815
24/07/1990 18:00,1.592095196
24/07/1990 19:00,0.48330694
24/07/1990 20:00,0
24/07/1990 21:00,0
24/07/1990 22:00,0
24/07/1990 23:00,0
25/07/1990 00:00,0
25/07/1990 01:00,0
25/07/1990 02:00,0
25/07/1990 03:00,0
25/07/1990 04:00,0
25/07/1990 05:00,0.433654359
25/07/1990 06:00,7.808847865
25/07/1990 07:00,6.79144573
25/07/1990 08:00,20.13113879
25/07/1990 09:00,15.80431495
25/07/1990 10:00,18.28029359
25/07/1990 11:00,47.44466192
25/07/1990 12:00,50.69105872
25/07/1990 13:00,37.09159253
25/07/1990 14:00,80.66574733
25/07/1990 15:00,77.02953737
25/07/1990 16:00,30.34096975
25/07/1990 17:00,20.58336299
25/07/1990 18:00,14.11614769
25/07/1990 19:00,4.336850534
25/07/1990 20:00,0
25/07/1990 21:00,0
25/07/1990 22:00,0
25/07/1990 23:00,0
26/07/1990 00:00,0
26/07/1990 01:00,0
26/07/1990 02:00,0
26/07/1990 03:00,0
26/07/1990 04:00,0.115787811
26/07/1990 05:00,5.548238434
26/07/1990 06:00,20.00427046
26/07/1990 07:00,40.26330071
26/07/1990 08:00,61.89128114
26/07/1990 09:00,80.58185053
26/07/1990 10:00,81.85053381
26/07/1990 11:00,81.85053381
26/07/1990 12:00,81.85053381
26/07/1990 13:00,81.85053381
26/07/1990 14:00,81.10978648
26/07/1990 15:00,65.31161032
26/07/1990 16:00,48.31023132
26/07/1990 17:00,28.28140569
26/07/1990 18:00,10.14977313
26/07/1990 19:00,4.011494662
26/07/1990 20:00,0
26/07/1990 21:00,0
26/07/1990 22:00,0
26/07/1990 23:00,0
27/07/1990 00:00,0
27/07/1990 01:00,0
27/07/1990 02:00,0
27/07/1990 03:00,0
27/07/1990 04:00,0
27/07/1990 05:00,5.285600534
27/07/1990 06:00,13.25364769
27/07/1990 07:00,23.91161032
27/07/1990 08:00,37.8077847
27/07/1990 09:00,44.76814947
27/07/1990 10:00,49.13385231
27/07/1990 11:00,53.23456406
27/07/1990 12:00,65.11005338
27/07/1990 13:00,62.81209964
27/07/1990 14:00,59.0633452
27/07/1990 15:00,49.23514235
27/07/1990 16:00,40.29297153
27/07/1990 17:00,27.01988434
27/07/1990 18:00,11.48362989
27/07/1990 19:00,4.440903025
27/07/1990 20:00,0
27/07/1990 21:00,0
27/07/1990 22:00,0
27/07/1990 23:00,0
28/07/1990 00:00,0
28/07/1990 01:00,0
28/07/1990 02:00,0
28/07/1990 03:00,0
28/07/1990 04:00,0
28/07/1990 05:00,4.886988434
28/07/1990 06:00,13.93709964
28/07/1990 07:00,25.82691281
28/07/1990 08:00,37.03429715
28/07/1990 09:00,51.58936833
28/07/1990 10:00,77.52064057
28/07/1990 11:00,81.85053381
28/07/1990 12:00,81.85053381
28/07/1990 13:00,74.44101423
28/07/1990 14:00,45.37077402
28/07/1990 15:00,28.58016014
28/07/1990 16:00,29.05489324
28/07/1990 17:00,32.17339858
28/07/1990 18:00,10.14915925
28/07/1990 19:00,4.04372331
28/07/1990 20:00,0
28/07/1990 21:00,0
28/07/1990 22:00,0
28/07/1990 23:00,0
29/07/1990 00:00,0
29/07/1990 01:00,0
29/07/1990 02:00,0
29/07/1990 03:00,0
29/07/1990 04:00,0
29/07/1990 05:00,9.23877669
29/07/1990 06:00,19.6144573
29/07/1990 07:00,22.28073843
29/07/1990 08:00,33.22517794
29/07/1990 09:00,36.40711744
29/07/1990 10:00,49.68020463
29/07/1990 11:00,45.9969306
29/07/1990 12:00,81.85053381
29/07/1990 13:00,81.00235765
29/07/1990 14:00,30.39928826
29/07/1990 15:00,30.55173488
29/07/1990 16:00,51.33153915
29/07/1990 17:00,20.28153915
29/07/1990 18:00,13.5769573
29/07/1990 19:00,2.489586299
29/07/1990 20:00,0
29/07/1990 21:00,0
29/07/1990 22:00,0
29/07/1990 23:00,0
30/07/1990 00:00,0
30/07/1990 01:00,0
30/07/1990 02:00,0
30/07/1990 03:00,0
30/07/1990 04:00,0
30/07/1990 05:00,0.225876779
30/07/1990 06:00,2.294372776
30/07/1990 07:00,2.697384342
30/07/1990 08:00,15.26614769
30/07/1990 09:00,8.607709075
30/07/1990 10:00,31.60862989
30/07/1990 11:00,40.39937722
30/07/1990 12:00,14.16423488
30/07/1990 13:00,28.423621
30/07/1990 14:00,26.75489324
30/07/1990 15:00,27.85271352
30/07/1990 16:00,29.38741103
30/07/1990 17:00,23.46143238
30/07/1990 18:00,9.372602313
30/07/1990 19:00,3.720822954
30/07/1990 20:00,0
30/07/1990 21:00,0
30/07/1990 22:00,0
30/07/1990 23:00,0
31/07/1990 00:00,0
31/07/1990 01:00,0
31/07/1990 02:00,0
31/07/1990 03:00,0
31/07/1990 04:00,0
31/07/1990 05:00,1.70852758
31/07/1990 06:00,4.768919039
31/07/1990 07:00,7.851921708
31/07/1990 08:00,12.31952847
31/07/1990 09:00,16.23607651
31/07/1990 10:00,20.55573843
31/07/1990 11:00,20.88109431
31/07/1990 12:00,21.40391459
31/07/1990 13:00,19.45280249
31/07/1990 14:00,17.39119217
31/07/1990 15:00,13.62811388
31/07/1990 16:00,9.879870996
31/07/1990 17:00,7.783269573
31/07/1990 18:00,3.279341637
31/07/1990 19:00,0.50079226
31/07/1990 20:00,0
31/07/1990 21:00,0
31/07/1990 22:00,0
31/07/1990 23:00,0
01/08/1990 00:00,0
01/08/1990 01:00,0
01/08/1990 02:00,0
01/08/1990 03:00,0
01/08/1990 04:00,0
01/08/1990 05:00,2.252322064
01/08/1990 06:00,8.887842527
01/08/1990 07:00,14.21539146
01/08/1990 08:00,26.0622331
01/08/1990 09:00,28.89937722
01/08/1990 10:00,23.60569395
01/08/1990 11:00,26.73852313
01/08/1990 12:00,33.101379
01/08/1990 13:00,32.89879893
01/08/1990 14:00,29.31681495
01/08/1990 15:00,30.02175267
01/08/1990 16:00,24.18683274
01/08/1990 17:00,11.89288256
01/08/1990 18:00,7.318460854
01/08/1990 19:00,1.107949288
01/08/1990 20:00,0
01/08/1990 21:00,0
01/08/1990 22:00,0
01/08/1990 23:00,0
02/08/1990 00:00,0
02/08/1990 01:00,0
02/08/1990 02:00,0
02/08/1990 03:00,0
02/08/1990 04:00,0
02/08/1990 05:00,4.503007117
02/08/1990 06:00,18.13603203
02/08/1990 07:00,39.41103203
02/08/1990 08:00,60.50903025
02/08/1990 09:00,76.57117438
02/08/1990 10:00,81.85053381
02/08/1990 11:00,81.85053381
02/08/1990 12:00,81.85053381
02/08/1990 13:00,81.85053381
02/08/1990 14:00,81.85053381
02/08/1990 15:00,69.0808274
02/08/1990 16:00,50.1477758
02/08/1990 17:00,28.39599644
02/08/1990 18:00,8.674928826
02/08/1990 19:00,0.931356762
02/08/1990 20:00,0
02/08/1990 21:00,0
02/08/1990 22:00,0
02/08/1990 23:00,0
03/08/1990 00:00,0
03/08/1990 01:00,0
03/08/1990 02:00,0
03/08/1990 03:00,0
03/08/1990 04:00,0
03/08/1990 05:00,1.744030249
03/08/1990 06:00,4.268198399
03/08/1990 07:00,11.04982206
03/08/1990 08:00,13.37642349
03/08/1990 09:00,24.34439502
03/08/1990 10:00,30.23763345
03/08/1990 11:00,26.4080516
03/08/1990 12:00,26.81525801
03/08/1990 13:00,25.98038256
03/08/1990 14:00,17.08629893
03/08/1990 15:00,12.95284698
03/08/1990 16:00,13.29866548
03/08/1990 17:00,6.913300712
03/08/1990 18:00,1.881641459
03/08/1990 19:00,0
03/08/1990 20:00,0
03/08/1990 21:00,0
03/08/1990 22:00,0
03/08/1990 23:00,0
04/08/1990 00:00,0
04/08/1990 01:00,0
04/08/1990 02:00,0
04/08/1990 03:00,0
04/08/1990 04:00,0
04/08/1990 05:00,0
04/08/1990 06:00,15.15974199
04/08/1990 07:00,16.59724199
04/08/1990 08:00,24.35258007
04/08/1990 09:00,36.94733096
04/08/1990 10:00,48.31534698
04/08/1990 11:00,81.85053381
04/08/1990 12:00,81.85053381
04/08/1990 13:00,43.18331851
04/08/1990 14:00,4.738020463
04/08/1990 15:00,29.71890569
04/08/1990 16:00,2.734728648
04/08/1990 17:00,1.558331851
04/08/1990 18:00,0.450822509
04/08/1990 19:00,0
04/08/1990 20:00,0
04/08/1990 21:00,0
04/08/1990 22:00,0
04/08/1990 23:00,0
05/08/1990 00:00,0
05/08/1990 01:00,0
05/08/1990 02:00,0
05/08/1990 03:00,0
05/08/1990 04:00,0
05/08/1990 05:00,0.369565391
05/08/1990 06:00,1.911005338
05/08/1990 07:00,4.070938612
05/08/1990 08:00,5.822744662
05/08/1990 09:00,7.45852758
05/08/1990 10:00,8.763634342
05/08/1990 11:00,9.109043594
05/08/1990 12:00,8.725676157
05/08/1990 13:00,7.916685943
05/08/1990 14:00,7.549381673
05/08/1990 15:00,6.068398577
05/08/1990 16:00,3.961156584
05/08/1990 17:00,2.637633452
05/08/1990 18:00,0.929627669
05/08/1990 19:00,0
05/08/1990 20:00,0
05/08/1990 21:00,0
05/08/1990 22:00,0
05/08/1990 23:00,0
06/08/1990 00:00,0
06/08/1990 01:00,0
06/08/1990 02:00,0
06/08/1990 03:00,0
06/08/1990 04:00,0
06/08/1990 05:00,2.205974199
06/08/1990 06:00,6.948496441
06/08/1990 07:00,30.3102758
06/08/1990 08:00,28.97508897
06/08/1990 09:00,66.33576512
06/08/1990 10:00,71.03807829
06/08/1990 11:00,81.85053381
06/08/1990 12:00,81.85053381
06/08/1990 13:00,45.17433274
06/08/1990 14:00,5.04352758
06/08/1990 15:00,4.096516904
06/08/1990 16:00,2.901089858
06/08/1990 17:00,1.635578292
06/08/1990 18:00,0.462670374
06/08/1990 19:00,0
06/08/1990 20:00,0
06/08/1990 21:00,0
06/08/1990 22:00,0
06/08/1990 23:00,0
07/08/1990 00:00,0
07/08/1990 01:00,0
07/08/1990 02:00,0
07/08/1990 03:00,0
07/08/1990 04:00,0
07/08/1990 05:00,4.488785587
07/08/1990 06:00,17.31854982
07/08/1990 07:00,28.56379004
07/08/1990 08:00,64.06748221
07/08/1990 09:00,41.25676157
07/08/1990 10:00,77.9933274
07/08/1990 11:00,55.34426157
07/08/1990 12:00,40.77588968
07/08/1990 13:00,16.32713523
07/08/1990 14:00,55.03322954
07/08/1990 15:00,37.26040925
07/08/1990 16:00,26.81628114
07/08/1990 17:00,10.44310498
07/08/1990 18:00,9.655498221
07/08/1990 19:00,1.71241548
07/08/1990 20:00,0
07/08/1990 21:00,0
07/08/1990 22:00,0
07/08/1990 23:00,0
08/08/1990 00:00,0
08/08/1990 01:00,0
08/08/1990 02:00,0
08/08/1990 03:00,0
08/08/1990 04:00,0
08/08/1990 05:00,3.961463523
08/08/1990 06:00,14.65329181
08/08/1990 07:00,33.86156584
08/08/1990 08:00,38.06049822
08/08/1990 09:00,61.96903915
08/08/1990 10:00,51.01436833
08/08/1990 11:00,61.03185053
08/08/1990 12:00,73.14982206
08/08/1990 13:00,81.64181495
08/08/1990 14:00,74.6661032
08/08/1990 15:00,45.02802491
08/08/1990 16:00,35.22437722
08/08/1990 17:00,15.99461744
08/08/1990 18:00,5.744168149
08/08/1990 19:00,0
08/08/1990 20:00,0
08/08/1990 21:00,0
08/08/1990 22:00,0
08/08/1990 23:00,0
09/08/1990 00:00,0
09/08/1990 01:00,0
09/08/1990 02:00,0
09/08/1990 03:00,0
09/08/1990 04:00,0
09/08/1990 05:00,3.864368327
09/08/1990 06:00,16.27802491
09/08/1990 07:00,37.95511566
09/08/1990 08:00,59.17179715
09/08/1990 09:00,76.50671708
09/08/1990 10:00,81.85053381
09/08/1990 11:00,81.85053381
09/08/1990 12:00,81.85053381
09/08/1990 13:00,81.85053381
09/08/1990 14:00,81.85053381
09/08/1990 15:00,67.36298932
09/08/1990 16:00,48.74199288
09/08/1990 17:00,25.67753559
09/08/1990 18:00,7.132557829
09/08/1990 19:00,0
09/08/1990 20:00,0
09/08/1990 21:00,0
09/08/1990 22:00,0
09/08/1990 23:00,0
10/08/1990 00:00,0
10/08/1990 01:00,0
10/08/1990 02:00,0
10/08/1990 03:00,0
10/08/1990 04:00,0
10/08/1990 05:00,1.244537367
10/08/1990 06:00,4.691058719
10/08/1990 07:00,8.560133452
10/08/1990 08:00,12.28781139
10/08/1990 09:00,15.76952847
10/08/1990 10:00,17.95596085
10/08/1990 11:00,19.60831851
10/08/1990 12:00,19.47633452
10/08/1990 13:00,19.10903025
10/08/1990 14:00,16.58701068
10/08/1990 15:00,13.69154804
10/08/1990 16:00,9.723843416
10/08/1990 17:00,5.666205516
10/08/1990 18:00,2.243113879
10/08/1990 19:00,0
10/08/1990 20:00,0
10/08/1990 21:00,0
10/08/1990 22:00,0
10/08/1990 23:00,0
11/08/1990 00:00,0
11/08/1990 01:00,0
11/08/1990 02:00,0
11/08/1990 03:00,0
11/08/1990 04:00,0
11/08/1990 05:00,1.22980427
11/08/1990 06:00,4.531654804
11/08/1990 07:00,7.103807829
11/08/1990 08:00,9.248496441
11/08/1990 09:00,16.55938612
11/08/1990 10:00,15.13927936
11/08/1990 11:00,18.86450178
11/08/1990 12:00,20.74706406
11/08/1990 13:00,20.90258007
11/08/1990 14:00,22.36668149
11/08/1990 15:00,17.37789146
11/08/1990 16:00,10.38478648
11/08/1990 17:00,6.847513345
11/08/1990 18:00,3.240053381
11/08/1990 19:00,0
11/08/1990 20:00,0
11/08/1990 21:00,0
11/08/1990 22:00,0
11/08/1990 23:00,0
12/08/1990 00:00,0
12/08/1990 01:00,0
12/08/1990 02:00,0
12/08/1990 03:00,0
12/08/1990 04:00,0
12/08/1990 05:00,1.013964413
12/08/1990 06:00,13.03572064
12/08/1990 07:00,33.73367438
12/08/1990 08:00,28.4430605
12/08/1990 09:00,79.08705516
12/08/1990 10:00,63.60093416
12/08/1990 11:00,41.26596975
12/08/1990 12:00,21.01103203
12/08/1990 13:00,17.58149466
12/08/1990 14:00,4.467299822
12/08/1990 15:00,7.709501779
12/08/1990 16:00,2.393002669
12/08/1990 17:00,1.214764235
12/08/1990 18:00,0.175088523
12/08/1990 19:00,0
12/08/1990 20:00,0
12/08/1990 21:00,0
12/08/1990 22:00,0
12/08/1990 23:00,0
13/08/1990 00:00,0
13/08/1990 01:00,0
13/08/1990 02:00,0
13/08/1990 03:00,0
13/08/1990 04:00,0
13/08/1990 05:00,3.596921708
13/08/1990 06:00,14.03122776
13/08/1990 07:00,33.48096085
13/08/1990 08:00,42.69937722
13/08/1990 09:00,57.90311388
13/08/1990 10:00,76.76045374
13/08/1990 11:00,67.07344306
13/08/1990 12:00,73.83020463
13/08/1990 13:00,75.82633452
13/08/1990 14:00,73.19586299
13/08/1990 15:00,52.62477758
13/08/1990 16:00,34.86730427
13/08/1990 17:00,17.86285587
13/08/1990 18:00,6.389968861
13/08/1990 19:00,0
13/08/1990 20:00,0
13/08/1990 21:00,0
13/08/1990 22:00,0
13/08/1990 23:00,0
14/08/1990 00:00,0
14/08/1990 01:00,0
14/08/1990 02:00,0
14/08/1990 03:00,0
14/08/1990 04:00,0
14/08/1990 05:00,3.488572064
14/08/1990 06:00,14.94590747
14/08/1990 07:00,33.03180605
14/08/1990 08:00,48.31125445
14/08/1990 09:00,62.88985765
14/08/1990 10:00,75.7997331
14/08/1990 11:00,76.71543594
14/08/1990 12:00,79.54541815
14/08/1990 13:00,81.85053381
14/08/1990 14:00,67.45404804
14/08/1990 15:00,61.62424377
14/08/1990 16:00,47.95622776
14/08/1990 17:00,24.84572954
14/08/1990 18:00,5.668047153
14/08/1990 19:00,0
14/08/1990 20:00,0
14/08/1990 21:00,0
14/08/1990 22:00,0
14/08/1990 23:00,0
15/08/1990 00:00,0
15/08/1990 01:00,0
15/08/1990 02:00,0
15/08/1990 03:00,0
15/08/1990 04:00,0
15/08/1990 05:00,3.331419039
15/08/1990 06:00,14.22357651
15/08/1990 07:00,35.43718861
15/08/1990 08:00,55.60720641
15/08/1990 09:00,71.05240214
15/08/1990 10:00,81.85053381
15/08/1990 11:00,81.85053381
15/08/1990 12:00,81.85053381
15/08/1990 13:00,81.85053381
15/08/1990 14:00,78.09257117
15/08/1990 15:00,64.37442171
15/08/1990 16:00,45.22958185
15/08/1990 17:00,23.95151246
15/08/1990 18:00,5.744577402
15/08/1990 19:00,0
15/08/1990 20:00,0
15/08/1990 21:00,0
15/08/1990 22:00,0
15/08/1990 23:00,0
16/08/1990 00:00,0
16/08/1990 01:00,0
16/08/1990 02:00,0
16/08/1990 03:00,0
16/08/1990 04:00,0
16/08/1990 05:00,2.241374555
16/08/1990 06:00,9.255044484
16/08/1990 07:00,13.0991548
16/08/1990 08:00,53.74510676
16/08/1990 09:00,71.30613879
16/08/1990 10:00,81.85053381
16/08/1990 11:00,81.85053381
16/08/1990 12:00,47.64928826
16/08/1990 13:00,30.83411922
16/08/1990 14:00,14.96227758
16/08/1990 15:00,9.287682384
16/08/1990 16:00,2.467793594
16/08/1990 17:00,1.217117438
16/08/1990 18:00,0.805511566
16/08/1990 19:00,0
16/08/1990 20:00,0
16/08/1990 21:00,0
16/08/1990 22:00,0
16/08/1990 23:00,0
17/08/1990 00:00,0
17/08/1990 01:00,0
17/08/1990 02:00,0
17/08/1990 03:00,0
17/08/1990 04:00,0
17/08/1990 05:00,1.911107651
17/08/1990 06:00,7.606881673
17/08/1990 07:00,13.82967082
17/08/1990 08:00,23.15858541
17/08/1990 09:00,26.87459964
17/08/1990 10:00,28.21490214
17/08/1990 11:00,30.55685053
17/08/1990 12:00,30.22126335
17/08/1990 13:00,32.35040036
17/08/1990 14:00,27.82406584
17/08/1990 15:00,23.10129004
17/08/1990 16:00,17.37993772
17/08/1990 17:00,10.25484875
17/08/1990 18:00,3.519061388
17/08/1990 19:00,0
17/08/1990 20:00,0
17/08/1990 21:00,0
17/08/1990 22:00,0
17/08/1990 23:00,0
18/08/1990 00:00,0
18/08/1990 01:00,0
18/08/1990 02:00,0
18/08/1990 03:00,0
18/08/1990 04:00,0
18/08/1990 05:00,2.831823843
18/08/1990 06:00,13.77544484
18/08/1990 07:00,32.47726868
18/08/1990 08:00,51.16476868
18/08/1990 09:00,68.50173488
18/08/1990 10:00,74.14328292
18/08/1990 11:00,77.06739324
18/08/1990 12:00,81.41774911
18/08/1990 13:00,78.9366548
18/08/1990 14:00,74.19648577
18/08/1990 15:00,61.76850534
18/08/1990 16:00,42.47940391
18/08/1990 17:00,23.51668149
18/08/1990 18:00,4.811992883
18/08/1990 19:00,0
18/08/1990 20:00,0
18/08/1990 21:00,0
18/08/1990 22:00,0
18/08/1990 23:00,0
19/08/1990 00:00,0
19/08/1990 01:00,0
19/08/1990 02:00,0
19/08/1990 03:00,0
19/08/1990 04:00,0
19/08/1990 05:00,3.419203737
19/08/1990 06:00,13.7355427
19/08/1990 07:00,35.23460854
19/08/1990 08:00,56.90351423
19/08/1990 09:00,74.96485765
19/08/1990 10:00,81.85053381
19/08/1990 11:00,81.85053381
19/08/1990 12:00,81.85053381
19/08/1990 13:00,81.85053381
19/08/1990 14:00,81.45048932
19/08/1990 15:00,66.28256228
19/08/1990 16:00,46.23327402
19/08/1990 17:00,22.94986655
19/08/1990 18:00,4.619030249
19/08/1990 19:00,0
19/08/1990 20:00,0
19/08/1990 21:00,0
19/08/1990 22:00,0
19/08/1990 23:00,0
20/08/1990 00:00,0
20/08/1990 01:00,0
20/08/1990 02:00,0
20/08/1990 03:00,0
20/08/1990 04:00,0
20/08/1990 05:00,2.129239324
20/08/1990 06:00,8.776014235
20/08/1990 07:00,19.45484875
20/08/1990 08:00,29.97468861
20/08/1990 09:00,35.78505338
20/08/1990 10:00,47.74955516
20/08/1990 11:00,50.44448399
20/08/1990 12:00,48.87704626
20/08/1990 13:00,42.08242883
20/08/1990 14:00,35.2591637
20/08/1990 15:00,26.25765125
20/08/1990 16:00,19.18985765
20/08/1990 17:00,9.912815836
20/08/1990 18:00,3.032153025
20/08/1990 19:00,0
20/08/1990 20:00,0
20/08/1990 21:00,0
20/08/1990 22:00,0
20/08/1990 23:00,0
21/08/1990 00:00,0
21/08/1990 01:00,0
21/08/1990 02:00,0
21/08/1990 03:00,0
21/08/1990 04:00,0
21/08/1990 05:00,3.419612989
21/08/1990 06:00,12.55894128
21/08/1990 07:00,31.17993772
21/08/1990 08:00,47.75467082
21/08/1990 09:00,64.35395907
21/08/1990 10:00,70.80071174
21/08/1990 11:00,76.35631673
21/08/1990 12:00,78.0383452
21/08/1990 13:00,76.61619217
21/08/1990 14:00,63.29706406
21/08/1990 15:00,55.9397242
21/08/1990 16:00,36.10631673
21/08/1990 17:00,18.20765125
21/08/1990 18:00,3.957064057
21/08/1990 19:00,0
21/08/1990 20:00,0
21/08/1990 21:00,0
21/08/1990 22:00,0
21/08/1990 23:00,0
22/08/1990 00:00,0
22/08/1990 01:00,0
22/08/1990 02:00,0
22/08/1990 03:00,0
22/08/1990 04:00,0
22/08/1990 05:00,1.289964413
22/08/1990 06:00,12.32669039
22/08/1990 07:00,30.8883452
22/08/1990 08:00,50.03113879
22/08/1990 09:00,65.66970641
22/08/1990 10:00,79.71935053
22/08/1990 11:00,81.85053381
22/08/1990 12:00,81.85053381
22/08/1990 13:00,81.85053381
22/08/1990 14:00,63.47406584
22/08/1990 15:00,44.10413701
22/08/1990 16:00,25.6683274
22/08/1990 17:00,15.25284698
22/08/1990 18:00,4.32702847
22/08/1990 19:00,0
22/08/1990 20:00,0
22/08/1990 21:00,0
22/08/1990 22:00,0
22/08/1990 23:00,0
23/08/1990 00:00,0
23/08/1990 01:00,0
23/08/1990 02:00,0
23/08/1990 03:00,0
23/08/1990 04:00,0
23/08/1990 05:00,0
23/08/1990 06:00,0.537287367
23/08/1990 07:00,2.459608541
23/08/1990 08:00,37.21129893
23/08/1990 09:00,76.91801601
23/08/1990 10:00,74.83798932
23/08/1990 11:00,51.34483986
23/08/1990 12:00,34.53580961
23/08/1990 13:00,43.91895018
23/08/1990 14:00,11.24728648
23/08/1990 15:00,3.122802491
23/08/1990 16:00,1.991116548
23/08/1990 17:00,0.825830961
23/08/1990 18:00,0
23/08/1990 19:00,0
23/08/1990 20:00,0
23/08/1990 21:00,0
23/08/1990 22:00,0
23/08/1990 23:00,0
24/08/1990 00:00,0
24/08/1990 01:00,0
24/08/1990 02:00,0
24/08/1990 03:00,0
24/08/1990 04:00,0
24/08/1990 05:00,1.014731762
24/08/1990 06:00,12.44230427
24/08/1990 07:00,34.61152135
24/08/1990 08:00,59.0019573
24/08/1990 09:00,73.28180605
24/08/1990 10:00,81.85053381
24/08/1990 11:00,78.53251779
24/08/1990 12:00,81.80142349
24/08/1990 13:00,71.36650356
24/08/1990 14:00,60.84359431
24/08/1990 15:00,43.43091637
24/08/1990 16:00,23.57704626
24/08/1990 17:00,13.50431495
24/08/1990 18:00,3.043407473
24/08/1990 19:00,0
24/08/1990 20:00,0
24/08/1990 21:00,0
24/08/1990 22:00,0
24/08/1990 23:00,0
25/08/1990 00:00,0
25/08/1990 01:00,0
25/08/1990 02:00,0
25/08/1990 03:00,0
25/08/1990 04:00,0
25/08/1990 05:00,0
25/08/1990 06:00,1.734105872
25/08/1990 07:00,4.245791815
25/08/1990 08:00,6.838919039
25/08/1990 09:00,9.506939502
25/08/1990 10:00,10.57815836
25/08/1990 11:00,10.67842527
25/08/1990 12:00,9.877108541
25/08/1990 13:00,9.529039146
25/08/1990 14:00,8.55911032
25/08/1990 15:00,6.765867438
25/08/1990 16:00,4.672540036
25/08/1990 17:00,2.393718861
25/08/1990 18:00,0.25315347
25/08/1990 19:00,0
25/08/1990 20:00,0
25/08/1990 21:00,0
25/08/1990 22:00,0
25/08/1990 23:00,0
26/08/1990 00:00,0
26/08/1990 01:00,0
26/08/1990 02:00,0
26/08/1990 03:00,0
26/08/1990 04:00,0
26/08/1990 05:00,0.68533452
26/08/1990 06:00,11.98598754
26/08/1990 07:00,32.91823843
26/08/1990 08:00,55.2419484
26/08/1990 09:00,74.05836299
26/08/1990 10:00,81.85053381
26/08/1990 11:00,81.85053381
26/08/1990 12:00,81.85053381
26/08/1990 13:00,81.85053381
26/08/1990 14:00,78.19795374
26/08/1990 15:00,63.45258007
26/08/1990 16:00,43.13113879
26/08/1990 17:00,20.02984875
26/08/1990 18:00,3.828558719
26/08/1990 19:00,0
26/08/1990 20:00,0
26/08/1990 21:00,0
26/08/1990 22:00,0
26/08/1990 23:00,0
27/08/1990 00:00,0
27/08/1990 01:00,0
27/08/1990 02:00,0
27/08/1990 03:00,0
27/08/1990 04:00,0
27/08/1990 05:00,0
27/08/1990 06:00,2.679991103
27/08/1990 07:00,8.042224199
27/08/1990 08:00,12.4627669
27/08/1990 09:00,16.02019573
27/08/1990 10:00,20.52811388
27/08/1990 11:00,22.00244662
27/08/1990 12:00,23.08491993
27/08/1990 13:00,22.07201957
27/08/1990 14:00,19.15097865
27/08/1990 15:00,14.53256228
27/08/1990 16:00,10.89942171
27/08/1990 17:00,5.44377669
27/08/1990 18:00,1.028451957
27/08/1990 19:00,0
27/08/1990 20:00,0
27/08/1990 21:00,0
27/08/1990 22:00,0
27/08/1990 23:00,0
28/08/1990 00:00,0
28/08/1990 01:00,0
28/08/1990 02:00,0
28/08/1990 03:00,0
28/08/1990 04:00,0
28/08/1990 05:00,0
28/08/1990 06:00,1.633941281
28/08/1990 07:00,4.122095196
28/08/1990 08:00,6.158127224
28/08/1990 09:00,8.28808274
28/08/1990 10:00,9.060956406
28/08/1990 11:00,11.33322954
28/08/1990 12:00,10.25791815
28/08/1990 13:00,9.441766014
28/08/1990 14:00,8.164590747
28/08/1990 15:00,6.327046263
28/08/1990 16:00,4.095800712
28/08/1990 17:00,1.946303381
28/08/1990 18:00,0.125354093
28/08/1990 19:00,0
28/08/1990 20:00,0
28/08/1990 21:00,0
28/08/1990 22:00,0
28/08/1990 23:00,0
29/08/1990 00:00,0
29/08/1990 01:00,0
29/08/1990 02:00,0
29/08/1990 03:00,0
29/08/1990 04:00,0
29/08/1990 05:00,0
29/08/1990 06:00,5.104710854
29/08/1990 07:00,15.69074733
29/08/1990 08:00,27.32170819
29/08/1990 09:00,31.73140569
29/08/1990 10:00,34.38029359
29/08/1990 11:00,25.66525801
29/08/1990 12:00,25.36752669
29/08/1990 13:00,18.53709964
29/08/1990 14:00,28.83491993
29/08/1990 15:00,26.29550712
29/08/1990 16:00,19.03331851
29/08/1990 17:00,15.4636121
29/08/1990 18:00,4.083113879
29/08/1990 19:00,0
29/08/1990 20:00,0
29/08/1990 21:00,0
29/08/1990 22:00,0
29/08/1990 23:00,0
30/08/1990 00:00,0
30/08/1990 01:00,0
30/08/1990 02:00,0
30/08/1990 03:00,0
30/08/1990 04:00,0
30/08/1990 05:00,0
30/08/1990 06:00,3.851579181
30/08/1990 07:00,11.17873665
30/08/1990 08:00,22.94679715
30/08/1990 09:00,30.90573843
30/08/1990 10:00,35.88429715
30/08/1990 11:00,33.6600089
30/08/1990 12:00,39.82540036
30/08/1990 13:00,38.93732206
30/08/1990 14:00,33.07273132
30/08/1990 15:00,26.66485765
30/08/1990 16:00,15.89537367
30/08/1990 17:00,8.566783808
30/08/1990 18:00,0.436539591
30/08/1990 19:00,0
30/08/1990 20:00,0
30/08/1990 21:00,0
30/08/1990 22:00,0
30/08/1990 23:00,0
31/08/1990 00:00,0
31/08/1990 01:00,0
31/08/1990 02:00,0
31/08/1990 03:00,0
31/08/1990 04:00,0
31/08/1990 05:00,0
31/08/1990 06:00,3.180097865
31/08/1990 07:00,8.519412811
31/08/1990 08:00,15.45645018
31/08/1990 09:00,21.96561388
31/08/1990 10:00,26.5758452
31/08/1990 11:00,36.05618327
31/08/1990 12:00,33.70604982
31/08/1990 13:00,32.6327847
31/08/1990 14:00,21.09902135
31/08/1990 15:00,18.95658363
31/08/1990 16:00,8.830342527
31/08/1990 17:00,3.547913701
31/08/1990 18:00,0
31/08/1990 19:00,0
31/08/1990 20:00,0
31/08/1990 21:00,0
31/08/1990 22:00,0
31/08/1990 23:00,0
01/09/1990 00:00,0
01/09/1990 01:00,0
01/09/1990 02:00,0
01/09/1990 03:00,0
01/09/1990 04:00,0
01/09/1990 05:00,0
01/09/1990 06:00,10.88202847
01/09/1990 07:00,36.3866548
01/09/1990 08:00,51.65587189
01/09/1990 09:00,33.3694395
01/09/1990 10:00,71.38798932
01/09/1990 11:00,54.62295374
01/09/1990 12:00,81.85053381
01/09/1990 13:00,46.93309609
01/09/1990 14:00,12.95284698
01/09/1990 15:00,5.430066726
01/09/1990 16:00,3.169764235
01/09/1990 17:00,0.626760231
01/09/1990 18:00,0
01/09/1990 19:00,0
01/09/1990 20:00,0
01/09/1990 21:00,0
01/09/1990 22:00,0
01/09/1990 23:00,0
02/09/1990 00:00,0
02/09/1990 01:00,0
02/09/1990 02:00,0
02/09/1990 03:00,0
02/09/1990 04:00,0
02/09/1990 05:00,0
02/09/1990 06:00,10.33976868
02/09/1990 07:00,30.99475089
02/09/1990 08:00,53.62233096
02/09/1990 09:00,71.11174377
02/09/1990 10:00,81.85053381
02/09/1990 11:00,81.85053381
02/09/1990 12:00,81.85053381
02/09/1990 13:00,81.85053381
02/09/1990 14:00,73.13242883
02/09/1990 15:00,57.46521352
02/09/1990 16:00,36.05413701
02/09/1990 17:00,15.30604982
02/09/1990 18:00,0.47530605
02/09/1990 19:00,0
02/09/1990 20:00,0
02/09/1990 21:00,0
02/09/1990 22:00,0
02/09/1990 23:00,0
03/09/1990 00:00,0
03/09/1990 01:00,0
03/09/1990 02:00,0
03/09/1990 03:00,0
03/09/1990 04:00,0
03/09/1990 05:00,0
03/09/1990 06:00,4.955947509
03/09/1990 07:00,13.13905694
03/09/1990 08:00,22.2213968
03/09/1990 09:00,30.36757117
03/09/1990 10:00,29.47540036
03/09/1990 11:00,34.33220641
03/09/1990 12:00,27.17949288
03/09/1990 13:00,25.74608541
03/09/1990 14:00,17.6633452
03/09/1990 15:00,8.917001779
03/09/1990 16:00,3.330191281
03/09/1990 17:00,0.447783808
03/09/1990 18:00,0
03/09/1990 19:00,0
03/09/1990 20:00,0
03/09/1990 21:00,0
03/09/1990 22:00,0
03/09/1990 23:00,0
04/09/1990 00:00,0
04/09/1990 01:00,0
04/09/1990 02:00,0
04/09/1990 03:00,0
04/09/1990 04:00,0
04/09/1990 05:00,0
04/09/1990 06:00,6.797175267
04/09/1990 07:00,14.05271352
04/09/1990 08:00,21.76303381
04/09/1990 09:00,24.92144128
04/09/1990 10:00,34.31685943
04/09/1990 11:00,41.46241103
04/09/1990 12:00,53.16908363
04/09/1990 13:00,50.05467082
04/09/1990 14:00,53.51080961
04/09/1990 15:00,60.95409253
04/09/1990 16:00,36.01525801
04/09/1990 17:00,15.78794484
04/09/1990 18:00,0.495420819
04/09/1990 19:00,0
04/09/1990 20:00,0
04/09/1990 21:00,0
04/09/1990 22:00,0
04/09/1990 23:00,0
05/09/1990 00:00,0
05/09/1990 01:00,0
05/09/1990 02:00,0
05/09/1990 03:00,0
05/09/1990 04:00,0
05/09/1990 05:00,0
05/09/1990 06:00,8.485342527
05/09/1990 07:00,23.93616548
05/09/1990 08:00,42.10698399
05/09/1990 09:00,40.91708185
05/09/1990 10:00,45.37486655
05/09/1990 11:00,67.18905694
05/09/1990 12:00,72.19524021
05/09/1990 13:00,63.8894573
05/09/1990 14:00,57.31072064
05/09/1990 15:00,51.56992883
05/09/1990 16:00,26.81321174
05/09/1990 17:00,12.81677046
05/09/1990 18:00,0.328486655
05/09/1990 19:00,0
05/09/1990 20:00,0
05/09/1990 21:00,0
05/09/1990 22:00,0
05/09/1990 23:00,0
06/09/1990 00:00,0
06/09/1990 01:00,0
06/09/1990 02:00,0
06/09/1990 03:00,0
06/09/1990 04:00,0
06/09/1990 05:00,0
06/09/1990 06:00,4.876040925
06/09/1990 07:00,13.81739324
06/09/1990 08:00,23.40311388
06/09/1990 09:00,25.30102313
06/09/1990 10:00,22.03518683
06/09/1990 11:00,43.63656584
06/09/1990 12:00,52.90102313
06/09/1990 13:00,37.7433274
06/09/1990 14:00,19.47633452
06/09/1990 15:00,7.032700178
06/09/1990 16:00,1.458576512
06/09/1990 17:00,3.605209075
06/09/1990 18:00,0
06/09/1990 19:00,0
06/09/1990 20:00,0
06/09/1990 21:00,0
06/09/1990 22:00,0
06/09/1990 23:00,0
07/09/1990 00:00,0
07/09/1990 01:00,0
07/09/1990 02:00,0
07/09/1990 03:00,0
07/09/1990 04:00,0
07/09/1990 05:00,0
07/09/1990 06:00,8.684137011
07/09/1990 07:00,29.62170819
07/09/1990 08:00,53.14657473
07/09/1990 09:00,71.93536477
07/09/1990 10:00,81.85053381
07/09/1990 11:00,81.85053381
07/09/1990 12:00,81.85053381
07/09/1990 13:00,81.85053381
07/09/1990 14:00,75.46619217
07/09/1990 15:00,59.56774911
07/09/1990 16:00,38.38994662
07/09/1990 17:00,14.89475089
07/09/1990 18:00,0
07/09/1990 19:00,0
07/09/1990 20:00,0
07/09/1990 21:00,0
07/09/1990 22:00,0
07/09/1990 23:00,0
08/09/1990 00:00,0
08/09/1990 01:00,0
08/09/1990 02:00,0
08/09/1990 03:00,0
08/09/1990 04:00,0
08/09/1990 05:00,0
08/09/1990 06:00,7.937967082
08/09/1990 07:00,27.5580516
08/09/1990 08:00,51.00413701
08/09/1990 09:00,69.11663701
08/09/1990 10:00,81.04328292
08/09/1990 11:00,81.85053381
08/09/1990 12:00,81.85053381
08/09/1990 13:00,78.57651246
08/09/1990 14:00,63.50578292
08/09/1990 15:00,48.05751779
08/09/1990 16:00,29.32602313
08/09/1990 17:00,9.92519573
08/09/1990 18:00,0
08/09/1990 19:00,0
08/09/1990 20:00,0
08/09/1990 21:00,0
08/09/1990 22:00,0
08/09/1990 23:00,0
09/09/1990 00:00,0
09/09/1990 01:00,0
09/09/1990 02:00,0
09/09/1990 03:00,0
09/09/1990 04:00,0
09/09/1990 05:00,0
09/09/1990 06:00,3.554870996
09/09/1990 07:00,10.28042705
09/09/1990 08:00,16.52153025
09/09/1990 09:00,21.06218861
09/09/1990 10:00,27.04853203
09/09/1990 11:00,28.06859431
09/09/1990 12:00,28.40622776
09/09/1990 13:00,28.61494662
09/09/1990 14:00,22.99488434
09/09/1990 15:00,17.08732206
09/09/1990 16:00,11.03038256
09/09/1990 17:00,4.958198399
09/09/1990 18:00,0
09/09/1990 19:00,0
09/09/1990 20:00,0
09/09/1990 21:00,0
09/09/1990 22:00,0
09/09/1990 23:00,0
10/09/1990 00:00,0
10/09/1990 01:00,0
10/09/1990 02:00,0
10/09/1990 03:00,0
10/09/1990 04:00,0
10/09/1990 05:00,0
10/09/1990 06:00,3.466267794
10/09/1990 07:00,11.07540036
10/09/1990 08:00,20.50560498
10/09/1990 09:00,28.31516904
10/09/1990 10:00,31.92068505
10/09/1990 11:00,34.31174377
10/09/1990 12:00,36.13394128
10/09/1990 13:00,32.42508897
10/09/1990 14:00,28.8922153
10/09/1990 15:00,23.73358541
10/09/1990 16:00,14.14274911
10/09/1990 17:00,6.293692171
10/09/1990 18:00,0
10/09/1990 19:00,0
10/09/1990 20:00,0
10/09/1990 21:00,0
10/09/1990 22:00,0
10/09/1990 23:00,0
11/09/1990 00:00,0
11/09/1990 01:00,0
11/09/1990 02:00,0
11/09/1990 03:00,0
11/09/1990 04:00,0
11/09/1990 05:00,0
11/09/1990 06:00,7.527282028
11/09/1990 07:00,28.21183274
11/09/1990 08:00,52.18994662
11/09/1990 09:00,70.72704626
11/09/1990 10:00,81.85053381
11/09/1990 11:00,81.85053381
11/09/1990 12:00,81.85053381
11/09/1990 13:00,81.85053381
11/09/1990 14:00,75.02931495
11/09/1990 15:00,56.86258897
11/09/1990 16:00,33.70604982
11/09/1990 17:00,11.0866548
11/09/1990 18:00,0
11/09/1990 19:00,0
11/09/1990 20:00,0
11/09/1990 21:00,0
11/09/1990 22:00,0
11/09/1990 23:00,0
12/09/1990 00:00,0
12/09/1990 01:00,0
12/09/1990 02:00,0
12/09/1990 03:00,0
12/09/1990 04:00,0
12/09/1990 05:00,0
12/09/1990 06:00,3.217544484
12/09/1990 07:00,8.575991993
12/09/1990 08:00,15.58843416
12/09/1990 09:00,17.59684164
12/09/1990 10:00,22.85983096
12/09/1990 11:00,28.61085409
12/09/1990 12:00,12.40956406
12/09/1990 13:00,22.78411922
12/09/1990 14:00,18.25983096
12/09/1990 15:00,12.75640569
12/09/1990 16:00,6.582931495
12/09/1990 17:00,2.5051379
12/09/1990 18:00,0
12/09/1990 19:00,0
12/09/1990 20:00,0
12/09/1990 21:00,0
12/09/1990 22:00,0
12/09/1990 23:00,0
13/09/1990 00:00,0
13/09/1990 01:00,0
13/09/1990 02:00,0
13/09/1990 03:00,0
13/09/1990 04:00,0
13/09/1990 05:00,0
13/09/1990 06:00,0.445737544
13/09/1990 07:00,2.25058274
13/09/1990 08:00,4.167010676
13/09/1990 09:00,5.928331851
13/09/1990 10:00,6.810782918
13/09/1990 11:00,7.407882562
13/09/1990 12:00,7.225662811
13/09/1990 13:00,7.993932384
13/09/1990 14:00,7.106058719
13/09/1990 15:00,4.802068505
13/09/1990 16:00,2.780564947
13/09/1990 17:00,0.822843416
13/09/1990 18:00,0
13/09/1990 19:00,0
13/09/1990 20:00,0
13/09/1990 21:00,0
13/09/1990 22:00,0
13/09/1990 23:00,0
14/09/1990 00:00,0
14/09/1990 01:00,0
14/09/1990 02:00,0
14/09/1990 03:00,0
14/09/1990 04:00,0
14/09/1990 05:00,0
14/09/1990 06:00,0.942508897
14/09/1990 07:00,3.289879893
14/09/1990 08:00,5.569519573
14/09/1990 09:00,7.56155694
14/09/1990 10:00,9.683838968
14/09/1990 11:00,10.75822954
14/09/1990 12:00,10.11560053
14/09/1990 13:00,9.526788256
14/09/1990 14:00,7.615373665
14/09/1990 15:00,5.366427936
14/09/1990 16:00,3.170991993
14/09/1990 17:00,0.767430605
14/09/1990 18:00,0
14/09/1990 19:00,0
14/09/1990 20:00,0
14/09/1990 21:00,0
14/09/1990 22:00,0
14/09/1990 23:00,0
15/09/1990 00:00,0
15/09/1990 01:00,0
15/09/1990 02:00,0
15/09/1990 03:00,0
15/09/1990 04:00,0
15/09/1990 05:00,0
15/09/1990 06:00,3.902531139
15/09/1990 07:00,8.438790036
15/09/1990 08:00,2.268589858
15/09/1990 09:00,9.708087189
15/09/1990 10:00,21.81930605
15/09/1990 11:00,26.40395907
15/09/1990 12:00,42.4497331
15/09/1990 13:00,43.52095196
15/09/1990 14:00,33.0625
15/09/1990 15:00,16.06214413
15/09/1990 16:00,1.110200178
15/09/1990 17:00,0
15/09/1990 18:00,0
15/09/1990 19:00,0
15/09/1990 20:00,0
15/09/1990 21:00,0
15/09/1990 22:00,0
15/09/1990 23:00,0
16/09/1990 00:00,0
16/09/1990 01:00,0
16/09/1990 02:00,0
16/09/1990 03:00,0
16/09/1990 04:00,0
16/09/1990 05:00,0
16/09/1990 06:00,5.5448621
16/09/1990 07:00,23.28340747
16/09/1990 08:00,43.16183274
16/09/1990 09:00,58.23460854
16/09/1990 10:00,68.87824733
16/09/1990 11:00,74.81241103
16/09/1990 12:00,75.85600534
16/09/1990 13:00,71.34808719
16/09/1990 14:00,60.79448399
16/09/1990 15:00,46.42255338
16/09/1990 16:00,27.38002669
16/09/1990 17:00,7.413714413
16/09/1990 18:00,0
16/09/1990 19:00,0
16/09/1990 20:00,0
16/09/1990 21:00,0
16/09/1990 22:00,0
16/09/1990 23:00,0
17/09/1990 00:00,0
17/09/1990 01:00,0
17/09/1990 02:00,0
17/09/1990 03:00,0
17/09/1990 04:00,0
17/09/1990 05:00,0
17/09/1990 06:00,6.227495552
17/09/1990 07:00,29.04875445
17/09/1990 08:00,55.3647242
17/09/1990 09:00,74.90040036
17/09/1990 10:00,81.85053381
17/09/1990 11:00,81.85053381
17/09/1990 12:00,81.85053381
17/09/1990 13:00,81.85053381
17/09/1990 14:00,77.90533808
17/09/1990 15:00,58.83518683
17/09/1990 16:00,33.45538256
17/09/1990 17:00,8.553687722
17/09/1990 18:00,0
17/09/1990 19:00,0
17/09/1990 20:00,0
17/09/1990 21:00,0
17/09/1990 22:00,0
17/09/1990 23:00,0
18/09/1990 00:00,0
18/09/1990 01:00,0
18/09/1990 02:00,0
18/09/1990 03:00,0
18/09/1990 04:00,0
18/09/1990 05:00,0
18/09/1990 06:00,5.695774021
18/09/1990 07:00,21.15529359
18/09/1990 08:00,40.16508007
18/09/1990 09:00,61.63754448
18/09/1990 10:00,63.68687722
18/09/1990 11:00,75.73732206
18/09/1990 12:00,81.69092527
18/09/1990 13:00,63.61525801
18/09/1990 14:00,38.44314947
18/09/1990 15:00,39.40489324
18/09/1990 16:00,26.17477758
18/09/1990 17:00,7.46886121
18/09/1990 18:00,0
18/09/1990 19:00,0
18/09/1990 20:00,0
18/09/1990 21:00,0
18/09/1990 22:00,0
18/09/1990 23:00,0
19/09/1990 00:00,0
19/09/1990 01:00,0
19/09/1990 02:00,0
19/09/1990 03:00,0
19/09/1990 04:00,0
19/09/1990 05:00,0
19/09/1990 06:00,0.751602758
19/09/1990 07:00,3.751516904
19/09/1990 08:00,6.841579181
19/09/1990 09:00,8.43183274
19/09/1990 10:00,14.1100089
19/09/1990 11:00,15.14746441
19/09/1990 12:00,15.99564057
19/09/1990 13:00,14.54074733
19/09/1990 14:00,12.76049822
19/09/1990 15:00,8.467949288
19/09/1990 16:00,4.585676157
19/09/1990 17:00,1.467273132
19/09/1990 18:00,0
19/09/1990 19:00,0
19/09/1990 20:00,0
19/09/1990 21:00,0
19/09/1990 22:00,0
19/09/1990 23:00,0
20/09/1990 00:00,0
20/09/1990 01:00,0
20/09/1990 02:00,0
20/09/1990 03:00,0
20/09/1990 04:00,0
20/09/1990 05:00,0
20/09/1990 06:00,1.097717972
20/09/1990 07:00,4.9201379
20/09/1990 08:00,9.58827847
20/09/1990 09:00,10.13759786
20/09/1990 10:00,12.99581851
20/09/1990 11:00,13.69870996
20/09/1990 12:00,13.69257117
20/09/1990 13:00,10.4113879
20/09/1990 14:00,9.949853203
20/09/1990 15:00,7.329408363
20/09/1990 16:00,4.94469306
20/09/1990 17:00,1.132504448
20/09/1990 18:00,0
20/09/1990 19:00,0
20/09/1990 20:00,0
20/09/1990 21:00,0
20/09/1990 22:00,0
20/09/1990 23:00,0
21/09/1990 00:00,0
21/09/1990 01:00,0
21/09/1990 02:00,0
21/09/1990 03:00,0
21/09/1990 04:00,0
21/09/1990 05:00,0
21/09/1990 06:00,3.531032028
21/09/1990 07:00,8.844052491
21/09/1990 08:00,17.51703737
21/09/1990 09:00,14.57758007
21/09/1990 10:00,12.83825623
21/09/1990 11:00,34.73327402
21/09/1990 12:00,46.04706406
21/09/1990 13:00,17.79942171
21/09/1990 14:00,4.90397242
21/09/1990 15:00,3.697086299
21/09/1990 16:00,2.719074733
21/09/1990 17:00,1.254461744
21/09/1990 18:00,0
21/09/1990 19:00,0
21/09/1990 20:00,0
21/09/1990 21:00,0
21/09/1990 22:00,0
21/09/1990 23:00,0
22/09/1990 00:00,0
22/09/1990 01:00,0
22/09/1990 02:00,0
22/09/1990 03:00,0
22/09/1990 04:00,0
22/09/1990 05:00,0
22/09/1990 06:00,1.48272242
22/09/1990 07:00,0.949200178
22/09/1990 08:00,16.55529359
22/09/1990 09:00,14.06601423
22/09/1990 10:00,24.69123665
22/09/1990 11:00,33.00008897
22/09/1990 12:00,34.93073843
22/09/1990 13:00,38.14541815
22/09/1990 14:00,19.79759786
22/09/1990 15:00,20.03803381
22/09/1990 16:00,12.93033808
22/09/1990 17:00,3.256935053
22/09/1990 18:00,0
22/09/1990 19:00,0
22/09/1990 20:00,0
22/09/1990 21:00,0
22/09/1990 22:00,0
22/09/1990 23:00,0
23/09/1990 00:00,0
23/09/1990 01:00,0
23/09/1990 02:00,0
23/09/1990 03:00,0
23/09/1990 04:00,0
23/09/1990 05:00,0
23/09/1990 06:00,0
23/09/1990 07:00,1.118896797
23/09/1990 08:00,2.308185053
23/09/1990 09:00,3.514968861
23/09/1990 10:00,4.36161032
23/09/1990 11:00,4.812811388
23/09/1990 12:00,6.34372331
23/09/1990 13:00,63.07709075
23/09/1990 14:00,57.91641459
23/09/1990 15:00,43.52197509
23/09/1990 16:00,23.07264235
23/09/1990 17:00,1.055769573
23/09/1990 18:00,0
23/09/1990 19:00,0
23/09/1990 20:00,0
23/09/1990 21:00,0
23/09/1990 22:00,0
23/09/1990 23:00,0
24/09/1990 00:00,0
24/09/1990 01:00,0
24/09/1990 02:00,0
24/09/1990 03:00,0
24/09/1990 04:00,0
24/09/1990 05:00,0
24/09/1990 06:00,2.815965302
24/09/1990 07:00,14.85484875
24/09/1990 08:00,6.407771352
24/09/1990 09:00,5.100209075
24/09/1990 10:00,13.70689502
24/09/1990 11:00,33.79813167
24/09/1990 12:00,21.236121
24/09/1990 13:00,71.75938612
24/09/1990 14:00,31.73652135
24/09/1990 15:00,11.67290925
24/09/1990 16:00,0.931070285
24/09/1990 17:00,0.496955516
24/09/1990 18:00,0
24/09/1990 19:00,0
24/09/1990 20:00,0
24/09/1990 21:00,0
24/09/1990 22:00,0
24/09/1990 23:00,0
25/09/1990 00:00,0
25/09/1990 01:00,0
25/09/1990 02:00,0
25/09/1990 03:00,0
25/09/1990 04:00,0
25/09/1990 05:00,0
25/09/1990 06:00,0
25/09/1990 07:00,3.982233096
25/09/1990 08:00,9.822268683
25/09/1990 09:00,12.21619217
25/09/1990 10:00,16.50516014
25/09/1990 11:00,13.14519573
25/09/1990 12:00,14.02508897
25/09/1990 13:00,14.78016014
25/09/1990 14:00,13.18202847
25/09/1990 15:00,10.68149466
25/09/1990 16:00,7.155066726
25/09/1990 17:00,0.244937722
25/09/1990 18:00,0
25/09/1990 19:00,0
25/09/1990 20:00,0
25/09/1990 21:00,0
25/09/1990 22:00,0
25/09/1990 23:00,0
26/09/1990 00:00,0
26/09/1990 01:00,0
26/09/1990 02:00,0
26/09/1990 03:00,0
26/09/1990 04:00,0
26/09/1990 05:00,0
26/09/1990 06:00,1.01549911
26/09/1990 07:00,20.65191281
26/09/1990 08:00,43.50560498
26/09/1990 09:00,60.76788256
26/09/1990 10:00,75.06205516
26/09/1990 11:00,77.01623665
26/09/1990 12:00,72.81014235
26/09/1990 13:00,72.8797153
26/09/1990 14:00,61.0727758
26/09/1990 15:00,47.22264235
26/09/1990 16:00,24.84163701
26/09/1990 17:00,0.90577847
26/09/1990 18:00,0
26/09/1990 19:00,0
26/09/1990 20:00,0
26/09/1990 21:00,0
26/09/1990 22:00,0
26/09/1990 23:00,0
27/09/1990 00:00,0
27/09/1990 01:00,0
27/09/1990 02:00,0
27/09/1990 03:00,0
27/09/1990 04:00,0
27/09/1990 05:00,0
27/09/1990 06:00,0.943808274
27/09/1990 07:00,19.33616548
27/09/1990 08:00,42.39755338
27/09/1990 09:00,60.9725089
27/09/1990 10:00,75.48767794
27/09/1990 11:00,80.96450178
27/09/1990 12:00,81.85053381
27/09/1990 13:00,74.50649466
27/09/1990 14:00,60.46503559
27/09/1990 15:00,44.34866548
27/09/1990 16:00,22.09145907
27/09/1990 17:00,0.487205071
27/09/1990 18:00,0
27/09/1990 19:00,0
27/09/1990 20:00,0
27/09/1990 21:00,0
27/09/1990 22:00,0
27/09/1990 23:00,0
28/09/1990 00:00,0
28/09/1990 01:00,0
28/09/1990 02:00,0
28/09/1990 03:00,0
28/09/1990 04:00,0
28/09/1990 05:00,0
28/09/1990 06:00,0.113925712
28/09/1990 07:00,6.86316726
28/09/1990 08:00,9.92294484
28/09/1990 09:00,13.6383452
28/09/1990 10:00,16.04270463
28/09/1990 11:00,18.09612989
28/09/1990 12:00,15.13518683
28/09/1990 13:00,17.98358541
28/09/1990 14:00,7.599208185
28/09/1990 15:00,4.518763345
28/09/1990 16:00,3.079421708
28/09/1990 17:00,0
28/09/1990 18:00,0
28/09/1990 19:00,0
28/09/1990 20:00,0
28/09/1990 21:00,0
28/09/1990 22:00,0
28/09/1990 23:00,0
29/09/1990 00:00,0
29/09/1990 01:00,0
29/09/1990 02:00,0
29/09/1990 03:00,0
29/09/1990 04:00,0
29/09/1990 05:00,0
29/09/1990 06:00,0
29/09/1990 07:00,5.488794484
29/09/1990 08:00,12.96205516
29/09/1990 09:00,19.62059609
29/09/1990 10:00,25.67753559
29/09/1990 11:00,26.59733096
29/09/1990 12:00,22.24697509
29/09/1990 13:00,20.17615658
29/09/1990 14:00,15.55671708
29/09/1990 15:00,9.214016904
29/09/1990 16:00,3.843394128
29/09/1990 17:00,0
29/09/1990 18:00,0
29/09/1990 19:00,0
29/09/1990 20:00,0
29/09/1990 21:00,0
29/09/1990 22:00,0
29/09/1990 23:00,0
30/09/1990 00:00,0
30/09/1990 01:00,0
30/09/1990 02:00,0
30/09/1990 03:00,0
30/09/1990 04:00,0
30/09/1990 05:00,0
30/09/1990 06:00,0
30/09/1990 07:00,8.571183274
30/09/1990 08:00,16.57780249
30/09/1990 09:00,28.37451068
30/09/1990 10:00,28.55560498
30/09/1990 11:00,33.19755338
30/09/1990 12:00,41.44092527
30/09/1990 13:00,53.87095196
30/09/1990 14:00,44.99016904
30/09/1990 15:00,42.21543594
30/09/1990 16:00,23.08696619
30/09/1990 17:00,0.502408808
30/09/1990 18:00,0
30/09/1990 19:00,0
30/09/1990 20:00,0
30/09/1990 21:00,0
30/09/1990 22:00,0
30/09/1990 23:00,0
01/10/1990 00:00,0
01/10/1990 01:00,0
01/10/1990 02:00,0
01/10/1990 03:00,0
01/10/1990 04:00,0
01/10/1990 05:00,0
01/10/1990 06:00,0
01/10/1990 07:00,1.506970641
01/10/1990 08:00,3.181632562
01/10/1990 09:00,4.907246441
01/10/1990 10:00,6.078322954
01/10/1990 11:00,7.057153025
01/10/1990 12:00,6.341677046
01/10/1990 13:00,6.19577847
01/10/1990 14:00,5.15433274
01/10/1990 15:00,3.170378114
01/10/1990 16:00,1.293033808
01/10/1990 17:00,0
01/10/1990 18:00,0
01/10/1990 19:00,0
01/10/1990 20:00,0
01/10/1990 21:00,0
01/10/1990 22:00,0
01/10/1990 23:00,0
02/10/1990 00:00,0
02/10/1990 01:00,0
02/10/1990 02:00,0
02/10/1990 03:00,0
02/10/1990 04:00,0
02/10/1990 05:00,0
02/10/1990 06:00,0
02/10/1990 07:00,0.838620107
02/10/1990 08:00,2.631290036
02/10/1990 09:00,4.444688612
02/10/1990 10:00,5.462909253
02/10/1990 11:00,5.886997331
02/10/1990 12:00,5.367041815
02/10/1990 13:00,4.842993772
02/10/1990 14:00,3.509546263
02/10/1990 15:00,2.381236655
02/10/1990 16:00,0.576442616
02/10/1990 17:00,0
02/10/1990 18:00,0
02/10/1990 19:00,0
02/10/1990 20:00,0
02/10/1990 21:00,0
02/10/1990 22:00,0
02/10/1990 23:00,0
03/10/1990 00:00,0
03/10/1990 01:00,0
03/10/1990 02:00,0
03/10/1990 03:00,0
03/10/1990 04:00,0
03/10/1990 05:00,0
03/10/1990 06:00,0
03/10/1990 07:00,1.159617438
03/10/1990 08:00,2.144074733
03/10/1990 09:00,2.6698621
03/10/1990 10:00,5.692704626
03/10/1990 11:00,7.855298043
03/10/1990 12:00,9.297606762
03/10/1990 13:00,64.09715302
03/10/1990 14:00,58.59679715
03/10/1990 15:00,38.64572954
03/10/1990 16:00,17.09039146
03/10/1990 17:00,0
03/10/1990 18:00,0
03/10/1990 19:00,0
03/10/1990 20:00,0
03/10/1990 21:00,0
03/10/1990 22:00,0
03/10/1990 23:00,0
04/10/1990 00:00,0
04/10/1990 01:00,0
04/10/1990 02:00,0
04/10/1990 03:00,0
04/10/1990 04:00,0
04/10/1990 05:00,0
04/10/1990 06:00,0
04/10/1990 07:00,5.545680605
04/10/1990 08:00,11.56036477
04/10/1990 09:00,18.54733096
04/10/1990 10:00,21.25044484
04/10/1990 11:00,28.02050712
04/10/1990 12:00,32.15395907
04/10/1990 13:00,30.10155694
04/10/1990 14:00,21.93696619
04/10/1990 15:00,13.55854093
04/10/1990 16:00,4.131508007
04/10/1990 17:00,0
04/10/1990 18:00,0
04/10/1990 19:00,0
04/10/1990 20:00,0
04/10/1990 21:00,0
04/10/1990 22:00,0
04/10/1990 23:00,0
05/10/1990 00:00,0
05/10/1990 01:00,0
05/10/1990 02:00,0
05/10/1990 03:00,0
05/10/1990 04:00,0
05/10/1990 05:00,0
05/10/1990 06:00,0
05/10/1990 07:00,6.235782918
05/10/1990 08:00,12.48629893
05/10/1990 09:00,18.06032028
05/10/1990 10:00,22.97032918
05/10/1990 11:00,22.98976868
05/10/1990 12:00,24.23901246
05/10/1990 13:00,22.38202847
05/10/1990 14:00,19.43643238
05/10/1990 15:00,12.31645907
05/10/1990 16:00,4.521321174
05/10/1990 17:00,0
05/10/1990 18:00,0
05/10/1990 19:00,0
05/10/1990 20:00,0
05/10/1990 21:00,0
05/10/1990 22:00,0
05/10/1990 23:00,0
06/10/1990 00:00,0
06/10/1990 01:00,0
06/10/1990 02:00,0
06/10/1990 03:00,0
06/10/1990 04:00,0
06/10/1990 05:00,0
06/10/1990 06:00,0
06/10/1990 07:00,8.072406584
06/10/1990 08:00,26.56356762
06/10/1990 09:00,30.12713523
06/10/1990 10:00,49.45102313
06/10/1990 11:00,56.2886121
06/10/1990 12:00,53.36654804
06/10/1990 13:00,68.28380783
06/10/1990 14:00,64.95351423
06/10/1990 15:00,39.26677046
06/10/1990 16:00,16.18798932
06/10/1990 17:00,0
06/10/1990 18:00,0
06/10/1990 19:00,0
06/10/1990 20:00,0
06/10/1990 21:00,0
06/10/1990 22:00,0
06/10/1990 23:00,0
07/10/1990 00:00,0
07/10/1990 01:00,0
07/10/1990 02:00,0
07/10/1990 03:00,0
07/10/1990 04:00,0
07/10/1990 05:00,0
07/10/1990 06:00,0
07/10/1990 07:00,15.61605872
07/10/1990 08:00,33.4952847
07/10/1990 09:00,45.69612989
07/10/1990 10:00,65.58274021
07/10/1990 11:00,65.51316726
07/10/1990 12:00,68.68282918
07/10/1990 13:00,63.41881673
07/10/1990 14:00,54.61886121
07/10/1990 15:00,32.16419039
07/10/1990 16:00,13.10017794
07/10/1990 17:00,0
07/10/1990 18:00,0
07/10/1990 19:00,0
07/10/1990 20:00,0
07/10/1990 21:00,0
07/10/1990 22:00,0
07/10/1990 23:00,0
08/10/1990 00:00,0
08/10/1990 01:00,0
08/10/1990 02:00,0
08/10/1990 03:00,0
08/10/1990 04:00,0
08/10/1990 05:00,0
08/10/1990 06:00,0
08/10/1990 07:00,15.3797153
08/10/1990 08:00,37.49368327
08/10/1990 09:00,59.66494662
08/10/1990 10:00,68.30836299
08/10/1990 11:00,77.0694395
08/10/1990 12:00,75.13162811
08/10/1990 13:00,68.61018683
08/10/1990 14:00,58.89452847
08/10/1990 15:00,37.56120996
08/10/1990 16:00,14.20720641
08/10/1990 17:00,0
08/10/1990 18:00,0
08/10/1990 19:00,0
08/10/1990 20:00,0
08/10/1990 21:00,0
08/10/1990 22:00,0
08/10/1990 23:00,0
09/10/1990 00:00,0
09/10/1990 01:00,0
09/10/1990 02:00,0
09/10/1990 03:00,0
09/10/1990 04:00,0
09/10/1990 05:00,0
09/10/1990 06:00,0
09/10/1990 07:00,12.11183274
09/10/1990 08:00,29.36183274
09/10/1990 09:00,47.81912811
09/10/1990 10:00,56.01032028
09/10/1990 11:00,57.88469751
09/10/1990 12:00,58.76049822
09/10/1990 13:00,53.90676157
09/10/1990 14:00,39.58087189
09/10/1990 15:00,24.36895018
09/10/1990 16:00,9.568122776
09/10/1990 17:00,0
09/10/1990 18:00,0
09/10/1990 19:00,0
09/10/1990 20:00,0
09/10/1990 21:00,0
09/10/1990 22:00,0
09/10/1990 23:00,0
10/10/1990 00:00,0
10/10/1990 01:00,0
10/10/1990 02:00,0
10/10/1990 03:00,0
10/10/1990 04:00,0
10/10/1990 05:00,0
10/10/1990 06:00,0
10/10/1990 07:00,9.745329181
10/10/1990 08:00,23.25475979
10/10/1990 09:00,40.20498221
10/10/1990 10:00,43.1024911
10/10/1990 11:00,52.1991548
10/10/1990 12:00,48.56601423
10/10/1990 13:00,46.48598754
10/10/1990 14:00,36.77237544
10/10/1990 15:00,21.28932384
10/10/1990 16:00,5.407353203
10/10/1990 17:00,0
10/10/1990 18:00,0
10/10/1990 19:00,0
10/10/1990 20:00,0
10/10/1990 21:00,0
10/10/1990 22:00,0
10/10/1990 23:00,0
11/10/1990 00:00,0
11/10/1990 01:00,0
11/10/1990 02:00,0
11/10/1990 03:00,0
11/10/1990 04:00,0
11/10/1990 05:00,0
11/10/1990 06:00,0
11/10/1990 07:00,3.800013345
11/10/1990 08:00,28.39599644
11/10/1990 09:00,39.90929715
11/10/1990 10:00,25.28260676
11/10/1990 11:00,48.21712633
11/10/1990 12:00,16.93180605
11/10/1990 13:00,56.00929715
11/10/1990 14:00,37.04657473
11/10/1990 15:00,12.33589858
11/10/1990 16:00,1.989991103
11/10/1990 17:00,0
11/10/1990 18:00,0
11/10/1990 19:00,0
11/10/1990 20:00,0
11/10/1990 21:00,0
11/10/1990 22:00,0
11/10/1990 23:00,0
12/10/1990 00:00,0
12/10/1990 01:00,0
12/10/1990 02:00,0
12/10/1990 03:00,0
12/10/1990 04:00,0
12/10/1990 05:00,0
12/10/1990 06:00,0
12/10/1990 07:00,7.928758897
12/10/1990 08:00,26.13794484
12/10/1990 09:00,41.62815836
12/10/1990 10:00,51.68145018
12/10/1990 11:00,62.6136121
12/10/1990 12:00,59.16770463
12/10/1990 13:00,52.83963523
12/10/1990 14:00,45.39839858
12/10/1990 15:00,32.86196619
12/10/1990 16:00,10.22118772
12/10/1990 17:00,0
12/10/1990 18:00,0
12/10/1990 19:00,0
12/10/1990 20:00,0
12/10/1990 21:00,0
12/10/1990 22:00,0
12/10/1990 23:00,0
13/10/1990 00:00,0
13/10/1990 01:00,0
13/10/1990 02:00,0
13/10/1990 03:00,0
13/10/1990 04:00,0
13/10/1990 05:00,0
13/10/1990 06:00,0
13/10/1990 07:00,1.418162811
13/10/1990 08:00,3.492562278
13/10/1990 09:00,5.682882562
13/10/1990 10:00,8.785836299
13/10/1990 11:00,9.435831851
13/10/1990 12:00,12.44844306
13/10/1990 13:00,11.13883452
13/10/1990 14:00,9.402784698
13/10/1990 15:00,5.342384342
13/10/1990 16:00,1.684381673
13/10/1990 17:00,0
13/10/1990 18:00,0
13/10/1990 19:00,0
13/10/1990 20:00,0
13/10/1990 21:00,0
13/10/1990 22:00,0
13/10/1990 23:00,0
14/10/1990 00:00,0
14/10/1990 01:00,0
14/10/1990 02:00,0
14/10/1990 03:00,0
14/10/1990 04:00,0
14/10/1990 05:00,0
14/10/1990 06:00,0
14/10/1990 07:00,2.206792705
14/10/1990 08:00,9.482486655
14/10/1990 09:00,12.39626335
14/10/1990 10:00,13.71814947
14/10/1990 11:00,20.25186833
14/10/1990 12:00,29.53678826
14/10/1990 13:00,50.08536477
14/10/1990 14:00,36.15235765
14/10/1990 15:00,25.11788256
14/10/1990 16:00,9.572317616
14/10/1990 17:00,0
14/10/1990 18:00,0
14/10/1990 19:00,0
14/10/1990 20:00,0
14/10/1990 21:00,0
14/10/1990 22:00,0
14/10/1990 23:00,0
15/10/1990 00:00,0
15/10/1990 01:00,0
15/10/1990 02:00,0
15/10/1990 03:00,0
15/10/1990 04:00,0
15/10/1990 05:00,0
15/10/1990 06:00,0
15/10/1990 07:00,9.858385231
15/10/1990 08:00,29.15106762
15/10/1990 09:00,53.3327847
15/10/1990 10:00,61.3602758
15/10/1990 11:00,69.29977758
15/10/1990 12:00,69.16779359
15/10/1990 13:00,65.59911032
15/10/1990 14:00,51.76023132
15/10/1990 15:00,27.96525801
15/10/1990 16:00,5.93252669
15/10/1990 17:00,0
15/10/1990 18:00,0
15/10/1990 19:00,0
15/10/1990 20:00,0
15/10/1990 21:00,0
15/10/1990 22:00,0
15/10/1990 23:00,0
16/10/1990 00:00,0
16/10/1990 01:00,0
16/10/1990 02:00,0
16/10/1990 03:00,0
16/10/1990 04:00,0
16/10/1990 05:00,0
16/10/1990 06:00,0
16/10/1990 07:00,0.334359431
16/10/1990 08:00,2.201881673
16/10/1990 09:00,3.703327402
16/10/1990 10:00,5.172953737
16/10/1990 11:00,5.764426157
16/10/1990 12:00,5.983990214
16/10/1990 13:00,5.238434164
16/10/1990 14:00,3.659435053
16/10/1990 15:00,1.765925267
16/10/1990 16:00,0
16/10/1990 17:00,0
16/10/1990 18:00,0
16/10/1990 19:00,0
16/10/1990 20:00,0
16/10/1990 21:00,0
16/10/1990 22:00,0
16/10/1990 23:00,0
17/10/1990 00:00,0
17/10/1990 01:00,0
17/10/1990 02:00,0
17/10/1990 03:00,0
17/10/1990 04:00,0
17/10/1990 05:00,0
17/10/1990 06:00,0
17/10/1990 07:00,0
17/10/1990 08:00,0.85900089
17/10/1990 09:00,1.885324733
17/10/1990 10:00,2.359341637
17/10/1990 11:00,2.691552491
17/10/1990 12:00,2.635280249
17/10/1990 13:00,2.18694395
17/10/1990 14:00,1.441080961
17/10/1990 15:00,0.554772687
17/10/1990 16:00,0
17/10/1990 17:00,0
17/10/1990 18:00,0
17/10/1990 19:00,0
17/10/1990 20:00,0
17/10/1990 21:00,0
17/10/1990 22:00,0
17/10/1990 23:00,0
18/10/1990 00:00,0
18/10/1990 01:00,0
18/10/1990 02:00,0
18/10/1990 03:00,0
18/10/1990 04:00,0
18/10/1990 05:00,0
18/10/1990 06:00,0
18/10/1990 07:00,7.623661032
18/10/1990 08:00,24.75262456
18/10/1990 09:00,42.48963523
18/10/1990 10:00,55.50591637
18/10/1990 11:00,62.63919039
18/10/1990 12:00,64.12784698
18/10/1990 13:00,61.40733986
18/10/1990 14:00,46.76837189
18/10/1990 15:00,25.65502669
18/10/1990 16:00,1.11899911
18/10/1990 17:00,0
18/10/1990 18:00,0
18/10/1990 19:00,0
18/10/1990 20:00,0
18/10/1990 21:00,0
18/10/1990 22:00,0
18/10/1990 23:00,0
19/10/1990 00:00,0
19/10/1990 01:00,0
19/10/1990 02:00,0
19/10/1990 03:00,0
19/10/1990 04:00,0
19/10/1990 05:00,0
19/10/1990 06:00,0
19/10/1990 07:00,7.840155694
19/10/1990 08:00,26.37019573
19/10/1990 09:00,52.04261566
19/10/1990 10:00,60.93772242
19/10/1990 11:00,68.12624555
19/10/1990 12:00,68.73296263
19/10/1990 13:00,63.03923488
19/10/1990 14:00,46.62922598
19/10/1990 15:00,26.02335409
19/10/1990 16:00,0.910065391
19/10/1990 17:00,0
19/10/1990 18:00,0
19/10/1990 19:00,0
19/10/1990 20:00,0
19/10/1990 21:00,0
19/10/1990 22:00,0
19/10/1990 23:00,0
20/10/1990 00:00,0
20/10/1990 01:00,0
20/10/1990 02:00,0
20/10/1990 03:00,0
20/10/1990 04:00,0
20/10/1990 05:00,0
20/10/1990 06:00,0
20/10/1990 07:00,2.049844306
20/10/1990 08:00,7.41975089
20/10/1990 09:00,14.30235765
20/10/1990 10:00,20.58643238
20/10/1990 11:00,28.64154804
20/10/1990 12:00,41.80106762
20/10/1990 13:00,33.23029359
20/10/1990 14:00,10.72446619
20/10/1990 15:00,5.739461744
20/10/1990 16:00,0
20/10/1990 17:00,0
20/10/1990 18:00,0
20/10/1990 19:00,0
20/10/1990 20:00,0
20/10/1990 21:00,0
20/10/1990 22:00,0
20/10/1990 23:00,0
21/10/1990 00:00,0
21/10/1990 01:00,0
21/10/1990 02:00,0
21/10/1990 03:00,0
21/10/1990 04:00,0
21/10/1990 05:00,0
21/10/1990 06:00,0
21/10/1990 07:00,0
21/10/1990 08:00,0
21/10/1990 09:00,0
21/10/1990 10:00,0
21/10/1990 11:00,0
21/10/1990 12:00,0
21/10/1990 13:00,0
21/10/1990 14:00,0
21/10/1990 15:00,0
21/10/1990 16:00,0
21/10/1990 17:00,0
21/10/1990 18:00,0
21/10/1990 19:00,0
21/10/1990 20:00,0
21/10/1990 21:00,0
21/10/1990 22:00,0
21/10/1990 23:00,0
22/10/1990 00:00,0
22/10/1990 01:00,0
22/10/1990 02:00,0
22/10/1990 03:00,0
22/10/1990 04:00,0
22/10/1990 05:00,0
22/10/1990 06:00,0
22/10/1990 07:00,0.737411922
22/10/1990 08:00,2.87274911
22/10/1990 09:00,9.951592527
22/10/1990 10:00,9.33147242
22/10/1990 11:00,11.61561388
22/10/1990 12:00,17.13950178
22/10/1990 13:00,20.93941281
22/10/1990 14:00,10.77255338
22/10/1990 15:00,6.336561388
22/10/1990 16:00,0
22/10/1990 17:00,0
22/10/1990 18:00,0
22/10/1990 19:00,0
22/10/1990 20:00,0
22/10/1990 21:00,0
22/10/1990 22:00,0
22/10/1990 23:00,0
23/10/1990 00:00,0
23/10/1990 01:00,0
23/10/1990 02:00,0
23/10/1990 03:00,0
23/10/1990 04:00,0
23/10/1990 05:00,0
23/10/1990 06:00,0
23/10/1990 07:00,1.081961744
23/10/1990 08:00,4.638572064
23/10/1990 09:00,7.640542705
23/10/1990 10:00,10.13800712
23/10/1990 11:00,11.69848754
23/10/1990 12:00,11.38233986
23/10/1990 13:00,9.80988879
23/10/1990 14:00,7.035258007
23/10/1990 15:00,2.70894573
23/10/1990 16:00,0
23/10/1990 17:00,0
23/10/1990 18:00,0
23/10/1990 19:00,0
23/10/1990 20:00,0
23/10/1990 21:00,0
23/10/1990 22:00,0
23/10/1990 23:00,0
24/10/1990 00:00,0
24/10/1990 01:00,0
24/10/1990 02:00,0
24/10/1990 03:00,0
24/10/1990 04:00,0
24/10/1990 05:00,0
24/10/1990 06:00,0
24/10/1990 07:00,1.780760676
24/10/1990 08:00,7.597264235
24/10/1990 09:00,13.95653915
24/10/1990 10:00,16.9850089
24/10/1990 11:00,20.25698399
24/10/1990 12:00,20.51788256
24/10/1990 13:00,17.97642349
24/10/1990 14:00,11.97677936
24/10/1990 15:00,4.478963523
24/10/1990 16:00,0
24/10/1990 17:00,0
24/10/1990 18:00,0
24/10/1990 19:00,0
24/10/1990 20:00,0
24/10/1990 21:00,0
24/10/1990 22:00,0
24/10/1990 23:00,0
25/10/1990 00:00,0
25/10/1990 01:00,0
25/10/1990 02:00,0
25/10/1990 03:00,0
25/10/1990 04:00,0
25/10/1990 05:00,0
25/10/1990 06:00,0
25/10/1990 07:00,1.636294484
25/10/1990 08:00,10.01246886
25/10/1990 09:00,17.19884342
25/10/1990 10:00,24.84675267
25/10/1990 11:00,45.35133452
25/10/1990 12:00,43.00836299
25/10/1990 13:00,27.83532028
25/10/1990 14:00,25.44016904
25/10/1990 15:00,8.632775801
25/10/1990 16:00,0
25/10/1990 17:00,0
25/10/1990 18:00,0
25/10/1990 19:00,0
25/10/1990 20:00,0
25/10/1990 21:00,0
25/10/1990 22:00,0
25/10/1990 23:00,0
26/10/1990 00:00,0
26/10/1990 01:00,0
26/10/1990 02:00,0
26/10/1990 03:00,0
26/10/1990 04:00,0
26/10/1990 05:00,0
26/10/1990 06:00,0
26/10/1990 07:00,5.528901246
26/10/1990 08:00,19.52339858
26/10/1990 09:00,20.62121886
26/10/1990 10:00,27.27566726
26/10/1990 11:00,38.5280694
26/10/1990 12:00,20.04519573
26/10/1990 13:00,18.87064057
26/10/1990 14:00,9.864626335
26/10/1990 15:00,2.657993772
26/10/1990 16:00,0
26/10/1990 17:00,0
26/10/1990 18:00,0
26/10/1990 19:00,0
26/10/1990 20:00,0
26/10/1990 21:00,0
26/10/1990 22:00,0
26/10/1990 23:00,0
27/10/1990 00:00,0
27/10/1990 01:00,0
27/10/1990 02:00,0
27/10/1990 03:00,0
27/10/1990 04:00,0
27/10/1990 05:00,0
27/10/1990 06:00,0
27/10/1990 07:00,0
27/10/1990 08:00,4.379719751
27/10/1990 09:00,2.995524911
27/10/1990 10:00,4.288354093
27/10/1990 11:00,7.489016904
27/10/1990 12:00,9.822984875
27/10/1990 13:00,53.7399911
27/10/1990 14:00,36.53296263
27/10/1990 15:00,19.2819395
27/10/1990 16:00,0
27/10/1990 17:00,0
27/10/1990 18:00,0
27/10/1990 19:00,0
27/10/1990 20:00,0
27/10/1990 21:00,0
27/10/1990 22:00,0
27/10/1990 23:00,0
28/10/1990 00:00,0
28/10/1990 01:00,0
28/10/1990 02:00,0
28/10/1990 03:00,0
28/10/1990 04:00,0
28/10/1990 05:00,0
28/10/1990 06:00,0
28/10/1990 07:00,0
28/10/1990 08:00,1.191436833
28/10/1990 09:00,1.206681495
28/10/1990 10:00,14.78118327
28/10/1990 11:00,17.5988879
28/10/1990 12:00,22.32984875
28/10/1990 13:00,24.0691726
28/10/1990 14:00,15.7480427
28/10/1990 15:00,6.325204626
28/10/1990 16:00,0
28/10/1990 17:00,0
28/10/1990 18:00,0
28/10/1990 19:00,0
28/10/1990 20:00,0
28/10/1990 21:00,0
28/10/1990 22:00,0
28/10/1990 23:00,0
29/10/1990 00:00,0
29/10/1990 01:00,0
29/10/1990 02:00,0
29/10/1990 03:00,0
29/10/1990 04:00,0
29/10/1990 05:00,0
29/10/1990 06:00,0
29/10/1990 07:00,0
29/10/1990 08:00,2.554964413
29/10/1990 09:00,5.250404804
29/10/1990 10:00,7.906045374
29/10/1990 11:00,8.805378114
29/10/1990 12:00,8.094608541
29/10/1990 13:00,5.911040925
29/10/1990 14:00,3.363136121
29/10/1990 15:00,1.011774911
29/10/1990 16:00,0
29/10/1990 17:00,0
29/10/1990 18:00,0
29/10/1990 19:00,0
29/10/1990 20:00,0
29/10/1990 21:00,0
29/10/1990 22:00,0
29/10/1990 23:00,0
30/10/1990 00:00,0
30/10/1990 01:00,0
30/10/1990 02:00,0
30/10/1990 03:00,0
30/10/1990 04:00,0
30/10/1990 05:00,0
30/10/1990 06:00,0
30/10/1990 07:00,0.384666815
30/10/1990 08:00,12.91396797
30/10/1990 09:00,26.5113879
30/10/1990 10:00,37.46912811
30/10/1990 11:00,46.07878114
30/10/1990 12:00,47.54799822
30/10/1990 13:00,45.00551601
30/10/1990 14:00,29.47233096
30/10/1990 15:00,14.11921708
30/10/1990 16:00,0
30/10/1990 17:00,0
30/10/1990 18:00,0
30/10/1990 19:00,0
30/10/1990 20:00,0
30/10/1990 21:00,0
30/10/1990 22:00,0
30/10/1990 23:00,0
31/10/1990 00:00,0
31/10/1990 01:00,0
31/10/1990 02:00,0
31/10/1990 03:00,0
31/10/1990 04:00,0
31/10/1990 05:00,0
31/10/1990 06:00,0
31/10/1990 07:00,0.107899466
31/10/1990 08:00,11.92664591
31/10/1990 09:00,14.93465302
31/10/1990 10:00,16.6330516
31/10/1990 11:00,20.67442171
31/10/1990 12:00,22.20604982
31/10/1990 13:00,43.93838968
31/10/1990 14:00,33.81859431
31/10/1990 15:00,15.22931495
31/10/1990 16:00,0
31/10/1990 17:00,0
31/10/1990 18:00,0
31/10/1990 19:00,0
31/10/1990 20:00,0
31/10/1990 21:00,0
31/10/1990 22:00,0
31/10/1990 23:00,0
01/11/1990 00:00,0
01/11/1990 01:00,0
01/11/1990 02:00,0
01/11/1990 03:00,0
01/11/1990 04:00,0
01/11/1990 05:00,0
01/11/1990 06:00,0
01/11/1990 07:00,0
01/11/1990 08:00,8.445542705
01/11/1990 09:00,15.27228648
01/11/1990 10:00,22.06076512
01/11/1990 11:00,25.05547153
01/11/1990 12:00,22.0341637
01/11/1990 13:00,19.7566726
01/11/1990 14:00,11.7066726
01/11/1990 15:00,5.006490214
01/11/1990 16:00,0
01/11/1990 17:00,0
01/11/1990 18:00,0
01/11/1990 19:00,0
01/11/1990 20:00,0
01/11/1990 21:00,0
01/11/1990 22:00,0
01/11/1990 23:00,0
02/11/1990 00:00,0
02/11/1990 01:00,0
02/11/1990 02:00,0
02/11/1990 03:00,0
02/11/1990 04:00,0
02/11/1990 05:00,0
02/11/1990 06:00,0
02/11/1990 07:00,0
02/11/1990 08:00,11.29741993
02/11/1990 09:00,22.89768683
02/11/1990 10:00,29.38741103
02/11/1990 11:00,40.55080071
02/11/1990 12:00,36.62299822
02/11/1990 13:00,29.21757117
02/11/1990 14:00,26.71703737
02/11/1990 15:00,14.80573843
02/11/1990 16:00,0
02/11/1990 17:00,0
02/11/1990 18:00,0
02/11/1990 19:00,0
02/11/1990 20:00,0
02/11/1990 21:00,0
02/11/1990 22:00,0
02/11/1990 23:00,0
03/11/1990 00:00,0
03/11/1990 01:00,0
03/11/1990 02:00,0
03/11/1990 03:00,0
03/11/1990 04:00,0
03/11/1990 05:00,0
03/11/1990 06:00,0
03/11/1990 07:00,0
03/11/1990 08:00,2.691347865
03/11/1990 09:00,4.410618327
03/11/1990 10:00,6.150146797
03/11/1990 11:00,4.051703737
03/11/1990 12:00,2.256107651
03/11/1990 13:00,41.90951957
03/11/1990 14:00,28.06757117
03/11/1990 15:00,11.88367438
03/11/1990 16:00,0
03/11/1990 17:00,0
03/11/1990 18:00,0
03/11/1990 19:00,0
03/11/1990 20:00,0
03/11/1990 21:00,0
03/11/1990 22:00,0
03/11/1990 23:00,0
04/11/1990 00:00,0
04/11/1990 01:00,0
04/11/1990 02:00,0
04/11/1990 03:00,0
04/11/1990 04:00,0
04/11/1990 05:00,0
04/11/1990 06:00,0
04/11/1990 07:00,0
04/11/1990 08:00,9.690080071
04/11/1990 09:00,20.62633452
04/11/1990 10:00,33.60885231
04/11/1990 11:00,39.8366548
04/11/1990 12:00,39.84483986
04/11/1990 13:00,34.71792705
04/11/1990 14:00,21.71903915
04/11/1990 15:00,9.86963968
04/11/1990 16:00,0
04/11/1990 17:00,0
04/11/1990 18:00,0
04/11/1990 19:00,0
04/11/1990 20:00,0
04/11/1990 21:00,0
04/11/1990 22:00,0
04/11/1990 23:00,0
05/11/1990 00:00,0
05/11/1990 01:00,0
05/11/1990 02:00,0
05/11/1990 03:00,0
05/11/1990 04:00,0
05/11/1990 05:00,0
05/11/1990 06:00,0
05/11/1990 07:00,0
05/11/1990 08:00,0.240077847
05/11/1990 09:00,1.243411922
05/11/1990 10:00,2.173847865
05/11/1990 11:00,2.625458185
05/11/1990 12:00,2.739741993
05/11/1990 13:00,35.27758007
05/11/1990 14:00,24.09475089
05/11/1990 15:00,10.18220641
05/11/1990 16:00,0
05/11/1990 17:00,0
05/11/1990 18:00,0
05/11/1990 19:00,0
05/11/1990 20:00,0
05/11/1990 21:00,0
05/11/1990 22:00,0
05/11/1990 23:00,0
06/11/1990 00:00,0
06/11/1990 01:00,0
06/11/1990 02:00,0
06/11/1990 03:00,0
06/11/1990 04:00,0
06/11/1990 05:00,0
06/11/1990 06:00,0
06/11/1990 07:00,0
06/11/1990 08:00,11.05289146
06/11/1990 09:00,24.06201068
06/11/1990 10:00,35.02793594
06/11/1990 11:00,40.83625445
06/11/1990 12:00,40.68176157
06/11/1990 13:00,33.29372776
06/11/1990 14:00,22.66748221
06/11/1990 15:00,9.179741993
06/11/1990 16:00,0
06/11/1990 17:00,0
06/11/1990 18:00,0
06/11/1990 19:00,0
06/11/1990 20:00,0
06/11/1990 21:00,0
06/11/1990 22:00,0
06/11/1990 23:00,0
07/11/1990 00:00,0
07/11/1990 01:00,0
07/11/1990 02:00,0
07/11/1990 03:00,0
07/11/1990 04:00,0
07/11/1990 05:00,0
07/11/1990 06:00,0
07/11/1990 07:00,0
07/11/1990 08:00,2.766036477
07/11/1990 09:00,5.165075623
07/11/1990 10:00,12.43718861
07/11/1990 11:00,11.85911922
07/11/1990 12:00,8.428967972
07/11/1990 13:00,6.393140569
07/11/1990 14:00,5.59008452
07/11/1990 15:00,3.275453737
07/11/1990 16:00,0
07/11/1990 17:00,0
07/11/1990 18:00,0
07/11/1990 19:00,0
07/11/1990 20:00,0
07/11/1990 21:00,0
07/11/1990 22:00,0
07/11/1990 23:00,0
08/11/1990 00:00,0
08/11/1990 01:00,0
08/11/1990 02:00,0
08/11/1990 03:00,0
08/11/1990 04:00,0
08/11/1990 05:00,0
08/11/1990 06:00,0
08/11/1990 07:00,0
08/11/1990 08:00,0.663060943
08/11/1990 09:00,17.13643238
08/11/1990 10:00,24.18376335
08/11/1990 11:00,31.75391459
08/11/1990 12:00,23.1033363
08/11/1990 13:00,7.617215302
08/11/1990 14:00,1.697477758
08/11/1990 15:00,0.29954226
08/11/1990 16:00,0
08/11/1990 17:00,0
08/11/1990 18:00,0
08/11/1990 19:00,0
08/11/1990 20:00,0
08/11/1990 21:00,0
08/11/1990 22:00,0
08/11/1990 23:00,0
09/11/1990 00:00,0
09/11/1990 01:00,0
09/11/1990 02:00,0
09/11/1990 03:00,0
09/11/1990 04:00,0
09/11/1990 05:00,0
09/11/1990 06:00,0
09/11/1990 07:00,0
09/11/1990 08:00,5.287851423
09/11/1990 09:00,10.87179715
09/11/1990 10:00,18.67624555
09/11/1990 11:00,19.89479537
09/11/1990 12:00,14.43741103
09/11/1990 13:00,1.627188612
09/11/1990 14:00,0.79031806
09/11/1990 15:00,0
09/11/1990 16:00,0
09/11/1990 17:00,0
09/11/1990 18:00,0
09/11/1990 19:00,0
09/11/1990 20:00,0
09/11/1990 21:00,0
09/11/1990 22:00,0
09/11/1990 23:00,0
10/11/1990 00:00,0
10/11/1990 01:00,0
10/11/1990 02:00,0
10/11/1990 03:00,0
10/11/1990 04:00,0
10/11/1990 05:00,0
10/11/1990 06:00,0
10/11/1990 07:00,0
10/11/1990 08:00,4.638162811
10/11/1990 09:00,10.34386121
10/11/1990 10:00,14.50289146
10/11/1990 11:00,23.29670819
10/11/1990 12:00,35.15071174
10/11/1990 13:00,30.42486655
10/11/1990 14:00,19.56534698
10/11/1990 15:00,9.174830961
10/11/1990 16:00,0
10/11/1990 17:00,0
10/11/1990 18:00,0
10/11/1990 19:00,0
10/11/1990 20:00,0
10/11/1990 21:00,0
10/11/1990 22:00,0
10/11/1990 23:00,0
11/11/1990 00:00,0
11/11/1990 01:00,0
11/11/1990 02:00,0
11/11/1990 03:00,0
11/11/1990 04:00,0
11/11/1990 05:00,0
11/11/1990 06:00,0
11/11/1990 07:00,0
11/11/1990 08:00,4.190031139
11/11/1990 09:00,10.60578292
11/11/1990 10:00,15.78692171
11/11/1990 11:00,16.61770463
11/11/1990 12:00,16.23914591
11/11/1990 13:00,13.20044484
11/11/1990 14:00,9.92877669
11/11/1990 15:00,3.953790036
11/11/1990 16:00,0
11/11/1990 17:00,0
11/11/1990 18:00,0
11/11/1990 19:00,0
11/11/1990 20:00,0
11/11/1990 21:00,0
11/11/1990 22:00,0
11/11/1990 23:00,0
12/11/1990 00:00,0
12/11/1990 01:00,0
12/11/1990 02:00,0
12/11/1990 03:00,0
12/11/1990 04:00,0
12/11/1990 05:00,0
12/11/1990 06:00,0
12/11/1990 07:00,0
12/11/1990 08:00,7.593171708
12/11/1990 09:00,14.89065836
12/11/1990 10:00,14.37090747
12/11/1990 11:00,8.995987544
12/11/1990 12:00,14.79243772
12/11/1990 13:00,19.12744662
12/11/1990 14:00,9.690796263
12/11/1990 15:00,0
12/11/1990 16:00,0
12/11/1990 17:00,0
12/11/1990 18:00,0
12/11/1990 19:00,0
12/11/1990 20:00,0
12/11/1990 21:00,0
12/11/1990 22:00,0
12/11/1990 23:00,0
13/11/1990 00:00,0
13/11/1990 01:00,0
13/11/1990 02:00,0
13/11/1990 03:00,0
13/11/1990 04:00,0
13/11/1990 05:00,0
13/11/1990 06:00,0
13/11/1990 07:00,0
13/11/1990 08:00,1.633122776
13/11/1990 09:00,3.429537367
13/11/1990 10:00,6.019595196
13/11/1990 11:00,7.982370996
13/11/1990 12:00,6.950542705
13/11/1990 13:00,5.540053381
13/11/1990 14:00,4.520502669
13/11/1990 15:00,0.9994871
13/11/1990 16:00,0
13/11/1990 17:00,0
13/11/1990 18:00,0
13/11/1990 19:00,0
13/11/1990 20:00,0
13/11/1990 21:00,0
13/11/1990 22:00,0
13/11/1990 23:00,0
14/11/1990 00:00,0
14/11/1990 01:00,0
14/11/1990 02:00,0
14/11/1990 03:00,0
14/11/1990 04:00,0
14/11/1990 05:00,0
14/11/1990 06:00,0
14/11/1990 07:00,0
14/11/1990 08:00,0
14/11/1990 09:00,2.298669929
14/11/1990 10:00,6.491565836
14/11/1990 11:00,6.604314947
14/11/1990 12:00,8.161725979
14/11/1990 13:00,35.37887011
14/11/1990 14:00,22.27562278
14/11/1990 15:00,6.836668149
14/11/1990 16:00,0
14/11/1990 17:00,0
14/11/1990 18:00,0
14/11/1990 19:00,0
14/11/1990 20:00,0
14/11/1990 21:00,0
14/11/1990 22:00,0
14/11/1990 23:00,0
15/11/1990 00:00,0
15/11/1990 01:00,0
15/11/1990 02:00,0
15/11/1990 03:00,0
15/11/1990 04:00,0
15/11/1990 05:00,0
15/11/1990 06:00,0
15/11/1990 07:00,0
15/11/1990 08:00,3.952357651
15/11/1990 09:00,9.687624555
15/11/1990 10:00,14.65738434
15/11/1990 11:00,19.6922153
15/11/1990 12:00,17.06685943
15/11/1990 13:00,15.53318505
15/11/1990 14:00,8.250329181
15/11/1990 15:00,2.212010676
15/11/1990 16:00,0
15/11/1990 17:00,0
15/11/1990 18:00,0
15/11/1990 19:00,0
15/11/1990 20:00,0
15/11/1990 21:00,0
15/11/1990 22:00,0
15/11/1990 23:00,0
16/11/1990 00:00,0
16/11/1990 01:00,0
16/11/1990 02:00,0
16/11/1990 03:00,0
16/11/1990 04:00,0
16/11/1990 05:00,0
16/11/1990 06:00,0
16/11/1990 07:00,0
16/11/1990 08:00,8.642802491
16/11/1990 09:00,25.58238434
16/11/1990 10:00,17.00751779
16/11/1990 11:00,9.284408363
16/11/1990 12:00,10.66103203
16/11/1990 13:00,7.35969306
16/11/1990 14:00,4.997179715
16/11/1990 15:00,0.234563167
16/11/1990 16:00,0
16/11/1990 17:00,0
16/11/1990 18:00,0
16/11/1990 19:00,0
16/11/1990 20:00,0
16/11/1990 21:00,0
16/11/1990 22:00,0
16/11/1990 23:00,0
17/11/1990 00:00,0
17/11/1990 01:00,0
17/11/1990 02:00,0
17/11/1990 03:00,0
17/11/1990 04:00,0
17/11/1990 05:00,0
17/11/1990 06:00,0
17/11/1990 07:00,0
17/11/1990 08:00,5.765040036
17/11/1990 09:00,14.97864769
17/11/1990 10:00,22.21525801
17/11/1990 11:00,22.54061388
17/11/1990 12:00,13.34572954
17/11/1990 13:00,9.089399466
17/11/1990 14:00,6.149430605
17/11/1990 15:00,0
17/11/1990 16:00,0
17/11/1990 17:00,0
17/11/1990 18:00,0
17/11/1990 19:00,0
17/11/1990 20:00,0
17/11/1990 21:00,0
17/11/1990 22:00,0
17/11/1990 23:00,0
18/11/1990 00:00,0
18/11/1990 01:00,0
18/11/1990 02:00,0
18/11/1990 03:00,0
18/11/1990 04:00,0
18/11/1990 05:00,0
18/11/1990 06:00,0
18/11/1990 07:00,0
18/11/1990 08:00,1.686734875
18/11/1990 09:00,4.406730427
18/11/1990 10:00,3.780983096
18/11/1990 11:00,13.13189502
18/11/1990 12:00,25.75427046
18/11/1990 13:00,28.61903915
18/11/1990 14:00,15.32958185
18/11/1990 15:00,2.290177936
18/11/1990 16:00,0
18/11/1990 17:00,0
18/11/1990 18:00,0
18/11/1990 19:00,0
18/11/1990 20:00,0
18/11/1990 21:00,0
18/11/1990 22:00,0
18/11/1990 23:00,0
19/11/1990 00:00,0
19/11/1990 01:00,0
19/11/1990 02:00,0
19/11/1990 03:00,0
19/11/1990 04:00,0
19/11/1990 05:00,0
19/11/1990 06:00,0
19/11/1990 07:00,0
19/11/1990 08:00,5.47252669
19/11/1990 09:00,17.49964413
19/11/1990 10:00,28.7530694
19/11/1990 11:00,34.91539146
19/11/1990 12:00,38.20271352
19/11/1990 13:00,32.82411032
19/11/1990 14:00,17.77384342
19/11/1990 15:00,1.005124555
19/11/1990 16:00,0
19/11/1990 17:00,0
19/11/1990 18:00,0
19/11/1990 19:00,0
19/11/1990 20:00,0
19/11/1990 21:00,0
19/11/1990 22:00,0
19/11/1990 23:00,0
20/11/1990 00:00,0
20/11/1990 01:00,0
20/11/1990 02:00,0
20/11/1990 03:00,0
20/11/1990 04:00,0
20/11/1990 05:00,0
20/11/1990 06:00,0
20/11/1990 07:00,0
20/11/1990 08:00,6.024506228
20/11/1990 09:00,15.70814057
20/11/1990 10:00,25.93434164
20/11/1990 11:00,14.22255338
20/11/1990 12:00,13.88287367
20/11/1990 13:00,16.26983986
20/11/1990 14:00,12.46072064
20/11/1990 15:00,1.032135231
20/11/1990 16:00,0
20/11/1990 17:00,0
20/11/1990 18:00,0
20/11/1990 19:00,0
20/11/1990 20:00,0
20/11/1990 21:00,0
20/11/1990 22:00,0
20/11/1990 23:00,0
21/11/1990 00:00,0
21/11/1990 01:00,0
21/11/1990 02:00,0
21/11/1990 03:00,0
21/11/1990 04:00,0
21/11/1990 05:00,0
21/11/1990 06:00,0
21/11/1990 07:00,0
21/11/1990 08:00,0.11826379
21/11/1990 09:00,2.842259786
21/11/1990 10:00,6.805769573
21/11/1990 11:00,21.63411922
21/11/1990 12:00,13.20351423
21/11/1990 13:00,27.00760676
21/11/1990 14:00,15.18020463
21/11/1990 15:00,3.781187722
21/11/1990 16:00,0
21/11/1990 17:00,0
21/11/1990 18:00,0
21/11/1990 19:00,0
21/11/1990 20:00,0
21/11/1990 21:00,0
21/11/1990 22:00,0
21/11/1990 23:00,0
22/11/1990 00:00,0
22/11/1990 01:00,0
22/11/1990 02:00,0
22/11/1990 03:00,0
22/11/1990 04:00,0
22/11/1990 05:00,0
22/11/1990 06:00,0
22/11/1990 07:00,0
22/11/1990 08:00,0.405241993
22/11/1990 09:00,0.840390125
22/11/1990 10:00,5.615560498
22/11/1990 11:00,17.30422598
22/11/1990 12:00,16.18696619
22/11/1990 13:00,18.45524911
22/11/1990 14:00,9.223122776
22/11/1990 15:00,0.246400801
22/11/1990 16:00,0
22/11/1990 17:00,0
22/11/1990 18:00,0
22/11/1990 19:00,0
22/11/1990 20:00,0
22/11/1990 21:00,0
22/11/1990 22:00,0
22/11/1990 23:00,0
23/11/1990 00:00,0
23/11/1990 01:00,0
23/11/1990 02:00,0
23/11/1990 03:00,0
23/11/1990 04:00,0
23/11/1990 05:00,0
23/11/1990 06:00,0
23/11/1990 07:00,0
23/11/1990 08:00,4.492468861
23/11/1990 09:00,16.04065836
23/11/1990 10:00,28.20978648
23/11/1990 11:00,31.8091637
23/11/1990 12:00,30.08007117
23/11/1990 13:00,24.48456406
23/11/1990 14:00,13.7386121
23/11/1990 15:00,0.400699288
23/11/1990 16:00,0
23/11/1990 17:00,0
23/11/1990 18:00,0
23/11/1990 19:00,0
23/11/1990 20:00,0
23/11/1990 21:00,0
23/11/1990 22:00,0
23/11/1990 23:00,0
24/11/1990 00:00,0
24/11/1990 01:00,0
24/11/1990 02:00,0
24/11/1990 03:00,0
24/11/1990 04:00,0
24/11/1990 05:00,0
24/11/1990 06:00,0
24/11/1990 07:00,0
24/11/1990 08:00,1.474128114
24/11/1990 09:00,13.98109431
24/11/1990 10:00,14.65533808
24/11/1990 11:00,18.93100534
24/11/1990 12:00,36.30378114
24/11/1990 13:00,24.70453737
24/11/1990 14:00,17.19270463
24/11/1990 15:00,0.709009786
24/11/1990 16:00,0
24/11/1990 17:00,0
24/11/1990 18:00,0
24/11/1990 19:00,0
24/11/1990 20:00,0
24/11/1990 21:00,0
24/11/1990 22:00,0
24/11/1990 23:00,0
25/11/1990 00:00,0
25/11/1990 01:00,0
25/11/1990 02:00,0
25/11/1990 03:00,0
25/11/1990 04:00,0
25/11/1990 05:00,0
25/11/1990 06:00,0
25/11/1990 07:00,0
25/11/1990 08:00,2.770947509
25/11/1990 09:00,9.927344306
25/11/1990 10:00,12.67557829
25/11/1990 11:00,17.98563167
25/11/1990 12:00,18.17286477
25/11/1990 13:00,16.99421708
25/11/1990 14:00,11.2769573
25/11/1990 15:00,0
25/11/1990 16:00,0
25/11/1990 17:00,0
25/11/1990 18:00,0
25/11/1990 19:00,0
25/11/1990 20:00,0
25/11/1990 21:00,0
25/11/1990 22:00,0
25/11/1990 23:00,0
26/11/1990 00:00,0
26/11/1990 01:00,0
26/11/1990 02:00,0
26/11/1990 03:00,0
26/11/1990 04:00,0
26/11/1990 05:00,0
26/11/1990 06:00,0
26/11/1990 07:00,0
26/11/1990 08:00,0.987485765
26/11/1990 09:00,16.55836299
26/11/1990 10:00,30.44328292
26/11/1990 11:00,34.63403025
26/11/1990 12:00,34.61766014
26/11/1990 13:00,29.87851423
26/11/1990 14:00,15.92402135
26/11/1990 15:00,0.403748221
26/11/1990 16:00,0
26/11/1990 17:00,0
26/11/1990 18:00,0
26/11/1990 19:00,0
26/11/1990 20:00,0
26/11/1990 21:00,0
26/11/1990 22:00,0
26/11/1990 23:00,0
27/11/1990 00:00,0
27/11/1990 01:00,0
27/11/1990 02:00,0
27/11/1990 03:00,0
27/11/1990 04:00,0
27/11/1990 05:00,0
27/11/1990 06:00,0
27/11/1990 07:00,0
27/11/1990 08:00,0
27/11/1990 09:00,2.258051601
27/11/1990 10:00,5.168963523
27/11/1990 11:00,7.914025801
27/11/1990 12:00,9.926935053
27/11/1990 13:00,11.96654804
27/11/1990 14:00,7.418318505
27/11/1990 15:00,0
27/11/1990 16:00,0
27/11/1990 17:00,0
27/11/1990 18:00,0
27/11/1990 19:00,0
27/11/1990 20:00,0
27/11/1990 21:00,0
27/11/1990 22:00,0
27/11/1990 23:00,0
28/11/1990 00:00,0
28/11/1990 01:00,0
28/11/1990 02:00,0
28/11/1990 03:00,0
28/11/1990 04:00,0
28/11/1990 05:00,0
28/11/1990 06:00,0
28/11/1990 07:00,0
28/11/1990 08:00,0
28/11/1990 09:00,3.385951957
28/11/1990 10:00,9.444016904
28/11/1990 11:00,11.22375445
28/11/1990 12:00,12.04430605
28/11/1990 13:00,8.128474199
28/11/1990 14:00,2.706899466
28/11/1990 15:00,0
28/11/1990 16:00,0
28/11/1990 17:00,0
28/11/1990 18:00,0
28/11/1990 19:00,0
28/11/1990 20:00,0
28/11/1990 21:00,0
28/11/1990 22:00,0
28/11/1990 23:00,0
29/11/1990 00:00,0
29/11/1990 01:00,0
29/11/1990 02:00,0
29/11/1990 03:00,0
29/11/1990 04:00,0
29/11/1990 05:00,0
29/11/1990 06:00,0
29/11/1990 07:00,0
29/11/1990 08:00,0
29/11/1990 09:00,3.978959075
29/11/1990 10:00,6.61280694
29/11/1990 11:00,8.69088968
29/11/1990 12:00,7.644942171
29/11/1990 13:00,5.397019573
29/11/1990 14:00,2.245569395
29/11/1990 15:00,0
29/11/1990 16:00,0
29/11/1990 17:00,0
29/11/1990 18:00,0
29/11/1990 19:00,0
29/11/1990 20:00,0
29/11/1990 21:00,0
29/11/1990 22:00,0
29/11/1990 23:00,0
30/11/1990 00:00,0
30/11/1990 01:00,0
30/11/1990 02:00,0
30/11/1990 03:00,0
30/11/1990 04:00,0
30/11/1990 05:00,0
30/11/1990 06:00,0
30/11/1990 07:00,0
30/11/1990 08:00,0.066077936
30/11/1990 09:00,3.653603203
30/11/1990 10:00,6.906752669
30/11/1990 11:00,8.526267794
30/11/1990 12:00,6.994946619
30/11/1990 13:00,7.319074733
30/11/1990 14:00,4.467402135
30/11/1990 15:00,0
30/11/1990 16:00,0
30/11/1990 17:00,0
30/11/1990 18:00,0
30/11/1990 19:00,0
30/11/1990 20:00,0
30/11/1990 21:00,0
30/11/1990 22:00,0
30/11/1990 23:00,0
01/12/1990 00:00,0
01/12/1990 01:00,0
01/12/1990 02:00,0
01/12/1990 03:00,0
01/12/1990 04:00,0
01/12/1990 05:00,0
01/12/1990 06:00,0
01/12/1990 07:00,0
01/12/1990 08:00,0
01/12/1990 09:00,8.729768683
01/12/1990 10:00,14.05680605
01/12/1990 11:00,14.72286477
01/12/1990 12:00,12.13843416
01/12/1990 13:00,13.25774021
01/12/1990 14:00,10.14291815
01/12/1990 15:00,0
01/12/1990 16:00,0
01/12/1990 17:00,0
01/12/1990 18:00,0
01/12/1990 19:00,0
01/12/1990 20:00,0
01/12/1990 21:00,0
01/12/1990 22:00,0
01/12/1990 23:00,0
02/12/1990 00:00,0
02/12/1990 01:00,0
02/12/1990 02:00,0
02/12/1990 03:00,0
02/12/1990 04:00,0
02/12/1990 05:00,0
02/12/1990 06:00,0
02/12/1990 07:00,0
02/12/1990 08:00,0
02/12/1990 09:00,6.182170819
02/12/1990 10:00,10.3305605
02/12/1990 11:00,12.78198399
02/12/1990 12:00,13.11654804
02/12/1990 13:00,8.299439502
02/12/1990 14:00,3.902019573
02/12/1990 15:00,0
02/12/1990 16:00,0
02/12/1990 17:00,0
02/12/1990 18:00,0
02/12/1990 19:00,0
02/12/1990 20:00,0
02/12/1990 21:00,0
02/12/1990 22:00,0
02/12/1990 23:00,0
03/12/1990 00:00,0
03/12/1990 01:00,0
03/12/1990 02:00,0
03/12/1990 03:00,0
03/12/1990 04:00,0
03/12/1990 05:00,0
03/12/1990 06:00,0
03/12/1990 07:00,0
03/12/1990 08:00,0
03/12/1990 09:00,9.340578292
03/12/1990 10:00,7.823478648
03/12/1990 11:00,26.90631673
03/12/1990 12:00,20.4738879
03/12/1990 13:00,12.81267794
03/12/1990 14:00,6.783567616
03/12/1990 15:00,0
03/12/1990 16:00,0
03/12/1990 17:00,0
03/12/1990 18:00,0
03/12/1990 19:00,0
03/12/1990 20:00,0
03/12/1990 21:00,0
03/12/1990 22:00,0
03/12/1990 23:00,0
04/12/1990 00:00,0
04/12/1990 01:00,0
04/12/1990 02:00,0
04/12/1990 03:00,0
04/12/1990 04:00,0
04/12/1990 05:00,0
04/12/1990 06:00,0
04/12/1990 07:00,0
04/12/1990 08:00,0
04/12/1990 09:00,7.698963523
04/12/1990 10:00,17.65311388
04/12/1990 11:00,28.2363879
04/12/1990 12:00,30.01663701
04/12/1990 13:00,20.17820285
04/12/1990 14:00,7.627548932
04/12/1990 15:00,0
04/12/1990 16:00,0
04/12/1990 17:00,0
04/12/1990 18:00,0
04/12/1990 19:00,0
04/12/1990 20:00,0
04/12/1990 21:00,0
04/12/1990 22:00,0
04/12/1990 23:00,0
05/12/1990 00:00,0
05/12/1990 01:00,0
05/12/1990 02:00,0
05/12/1990 03:00,0
05/12/1990 04:00,0
05/12/1990 05:00,0
05/12/1990 06:00,0
05/12/1990 07:00,0
05/12/1990 08:00,0
05/12/1990 09:00,12.91089858
05/12/1990 10:00,21.96049822
05/12/1990 11:00,26.98407473
05/12/1990 12:00,24.15409253
05/12/1990 13:00,18.14012456
05/12/1990 14:00,8.334532918
05/12/1990 15:00,0
05/12/1990 16:00,0
05/12/1990 17:00,0
05/12/1990 18:00,0
05/12/1990 19:00,0
05/12/1990 20:00,0
05/12/1990 21:00,0
05/12/1990 22:00,0
05/12/1990 23:00,0
06/12/1990 00:00,0
06/12/1990 01:00,0
06/12/1990 02:00,0
06/12/1990 03:00,0
06/12/1990 04:00,0
06/12/1990 05:00,0
06/12/1990 06:00,0
06/12/1990 07:00,0
06/12/1990 08:00,0
06/12/1990 09:00,12.2786032
06/12/1990 10:00,24.16227758
06/12/1990 11:00,33.44310498
06/12/1990 12:00,33.93830071
06/12/1990 13:00,26.64644128
06/12/1990 14:00,13.28536477
06/12/1990 15:00,0
06/12/1990 16:00,0
06/12/1990 17:00,0
06/12/1990 18:00,0
06/12/1990 19:00,0
06/12/1990 20:00,0
06/12/1990 21:00,0
06/12/1990 22:00,0
06/12/1990 23:00,0
07/12/1990 00:00,0
07/12/1990 01:00,0
07/12/1990 02:00,0
07/12/1990 03:00,0
07/12/1990 04:00,0
07/12/1990 05:00,0
07/12/1990 06:00,0
07/12/1990 07:00,0
07/12/1990 08:00,0
07/12/1990 09:00,0.972159253
07/12/1990 10:00,2.519359431
07/12/1990 11:00,3.212838078
07/12/1990 12:00,3.289982206
07/12/1990 13:00,2.629141459
07/12/1990 14:00,0.849577847
07/12/1990 15:00,0
07/12/1990 16:00,0
07/12/1990 17:00,0
07/12/1990 18:00,0
07/12/1990 19:00,0
07/12/1990 20:00,0
07/12/1990 21:00,0
07/12/1990 22:00,0
07/12/1990 23:00,0
08/12/1990 00:00,0
08/12/1990 01:00,0
08/12/1990 02:00,0
08/12/1990 03:00,0
08/12/1990 04:00,0
08/12/1990 05:00,0
08/12/1990 06:00,0
08/12/1990 07:00,0
08/12/1990 08:00,0
08/12/1990 09:00,6.824595196
08/12/1990 10:00,12.09137011
08/12/1990 11:00,14.74946619
08/12/1990 12:00,12.33487544
08/12/1990 13:00,7.950346975
08/12/1990 14:00,3.589759786
08/12/1990 15:00,0
08/12/1990 16:00,0
08/12/1990 17:00,0
08/12/1990 18:00,0
08/12/1990 19:00,0
08/12/1990 20:00,0
08/12/1990 21:00,0
08/12/1990 22:00,0
08/12/1990 23:00,0
09/12/1990 00:00,0
09/12/1990 01:00,0
09/12/1990 02:00,0
09/12/1990 03:00,0
09/12/1990 04:00,0
09/12/1990 05:00,0
09/12/1990 06:00,0
09/12/1990 07:00,0
09/12/1990 08:00,0
09/12/1990 09:00,3.698109431
09/12/1990 10:00,9.5698621
09/12/1990 11:00,13.33345196
09/12/1990 12:00,11.51637011
09/12/1990 13:00,6.315075623
09/12/1990 14:00,7.442771352
09/12/1990 15:00,0
09/12/1990 16:00,0
09/12/1990 17:00,0
09/12/1990 18:00,0
09/12/1990 19:00,0
09/12/1990 20:00,0
09/12/1990 21:00,0
09/12/1990 22:00,0
09/12/1990 23:00,0
10/12/1990 00:00,0
10/12/1990 01:00,0
10/12/1990 02:00,0
10/12/1990 03:00,0
10/12/1990 04:00,0
10/12/1990 05:00,0
10/12/1990 06:00,0
10/12/1990 07:00,0
10/12/1990 08:00,0
10/12/1990 09:00,3.948572064
10/12/1990 10:00,13.72224199
10/12/1990 11:00,4.706405694
10/12/1990 12:00,14.40364769
10/12/1990 13:00,19.16018683
10/12/1990 14:00,11.73225089
10/12/1990 15:00,0
10/12/1990 16:00,0
10/12/1990 17:00,0
10/12/1990 18:00,0
10/12/1990 19:00,0
10/12/1990 20:00,0
10/12/1990 21:00,0
10/12/1990 22:00,0
10/12/1990 23:00,0
11/12/1990 00:00,0
11/12/1990 01:00,0
11/12/1990 02:00,0
11/12/1990 03:00,0
11/12/1990 04:00,0
11/12/1990 05:00,0
11/12/1990 06:00,0
11/12/1990 07:00,0
11/12/1990 08:00,0
11/12/1990 09:00,2.855662811
11/12/1990 10:00,5.576886121
11/12/1990 11:00,7.241521352
11/12/1990 12:00,7.057562278
11/12/1990 13:00,5.255520463
11/12/1990 14:00,2.22797153
11/12/1990 15:00,0
11/12/1990 16:00,0
11/12/1990 17:00,0
11/12/1990 18:00,0
11/12/1990 19:00,0
11/12/1990 20:00,0
11/12/1990 21:00,0
11/12/1990 22:00,0
11/12/1990 23:00,0
12/12/1990 00:00,0
12/12/1990 01:00,0
12/12/1990 02:00,0
12/12/1990 03:00,0
12/12/1990 04:00,0
12/12/1990 05:00,0
12/12/1990 06:00,0
12/12/1990 07:00,0
12/12/1990 08:00,0
12/12/1990 09:00,0
12/12/1990 10:00,0.614697509
12/12/1990 11:00,1.202793594
12/12/1990 12:00,1.520169039
12/12/1990 13:00,18.36725979
12/12/1990 14:00,9.254737544
12/12/1990 15:00,0
12/12/1990 16:00,0
12/12/1990 17:00,0
12/12/1990 18:00,0
12/12/1990 19:00,0
12/12/1990 20:00,0
12/12/1990 21:00,0
12/12/1990 22:00,0
12/12/1990 23:00,0
13/12/1990 00:00,0
13/12/1990 01:00,0
13/12/1990 02:00,0
13/12/1990 03:00,0
13/12/1990 04:00,0
13/12/1990 05:00,0
13/12/1990 06:00,0
13/12/1990 07:00,0
13/12/1990 08:00,0
13/12/1990 09:00,9.227010676
13/12/1990 10:00,20.16592527
13/12/1990 11:00,26.7180605
13/12/1990 12:00,27.24906584
13/12/1990 13:00,21.80702847
13/12/1990 14:00,10.96592527
13/12/1990 15:00,0
13/12/1990 16:00,0
13/12/1990 17:00,0
13/12/1990 18:00,0
13/12/1990 19:00,0
13/12/1990 20:00,0
13/12/1990 21:00,0
13/12/1990 22:00,0
13/12/1990 23:00,0
14/12/1990 00:00,0
14/12/1990 01:00,0
14/12/1990 02:00,0
14/12/1990 03:00,0
14/12/1990 04:00,0
14/12/1990 05:00,0
14/12/1990 06:00,0
14/12/1990 07:00,0
14/12/1990 08:00,0
14/12/1990 09:00,8.002629004
14/12/1990 10:00,13.71303381
14/12/1990 11:00,15.5219306
14/12/1990 12:00,14.29314947
14/12/1990 13:00,8.659274911
14/12/1990 14:00,5.817117438
14/12/1990 15:00,0
14/12/1990 16:00,0
14/12/1990 17:00,0
14/12/1990 18:00,0
14/12/1990 19:00,0
14/12/1990 20:00,0
14/12/1990 21:00,0
14/12/1990 22:00,0
14/12/1990 23:00,0
15/12/1990 00:00,0
15/12/1990 01:00,0
15/12/1990 02:00,0
15/12/1990 03:00,0
15/12/1990 04:00,0
15/12/1990 05:00,0
15/12/1990 06:00,0
15/12/1990 07:00,0
15/12/1990 08:00,0
15/12/1990 09:00,0
15/12/1990 10:00,0.648655249
15/12/1990 11:00,1.270320285
15/12/1990 12:00,1.212513345
15/12/1990 13:00,0.665311833
15/12/1990 14:00,0
15/12/1990 15:00,0
15/12/1990 16:00,0
15/12/1990 17:00,0
15/12/1990 18:00,0
15/12/1990 19:00,0
15/12/1990 20:00,0
15/12/1990 21:00,0
15/12/1990 22:00,0
15/12/1990 23:00,0
16/12/1990 00:00,0
16/12/1990 01:00,0
16/12/1990 02:00,0
16/12/1990 03:00,0
16/12/1990 04:00,0
16/12/1990 05:00,0
16/12/1990 06:00,0
16/12/1990 07:00,0
16/12/1990 08:00,0
16/12/1990 09:00,8.755244662
16/12/1990 10:00,16.98807829
16/12/1990 11:00,20.09021352
16/12/1990 12:00,14.04145907
16/12/1990 13:00,5.072789146
16/12/1990 14:00,4.225022242
16/12/1990 15:00,0
16/12/1990 16:00,0
16/12/1990 17:00,0
16/12/1990 18:00,0
16/12/1990 19:00,0
16/12/1990 20:00,0
16/12/1990 21:00,0
16/12/1990 22:00,0
16/12/1990 23:00,0
17/12/1990 00:00,0
17/12/1990 01:00,0
17/12/1990 02:00,0
17/12/1990 03:00,0
17/12/1990 04:00,0
17/12/1990 05:00,0
17/12/1990 06:00,0
17/12/1990 07:00,0
17/12/1990 08:00,0
17/12/1990 09:00,2.258460854
17/12/1990 10:00,5.596018683
17/12/1990 11:00,13.18407473
17/12/1990 12:00,23.59853203
17/12/1990 13:00,21.71903915
17/12/1990 14:00,10.18036477
17/12/1990 15:00,0
17/12/1990 16:00,0
17/12/1990 17:00,0
17/12/1990 18:00,0
17/12/1990 19:00,0
17/12/1990 20:00,0
17/12/1990 21:00,0
17/12/1990 22:00,0
17/12/1990 23:00,0
18/12/1990 00:00,0
18/12/1990 01:00,0
18/12/1990 02:00,0
18/12/1990 03:00,0
18/12/1990 04:00,0
18/12/1990 05:00,0
18/12/1990 06:00,0
18/12/1990 07:00,0
18/12/1990 08:00,0
18/12/1990 09:00,1.216503559
18/12/1990 10:00,3.667517794
18/12/1990 11:00,4.33480427
18/12/1990 12:00,4.381561388
18/12/1990 13:00,3.668643238
18/12/1990 14:00,1.253745552
18/12/1990 15:00,0
18/12/1990 16:00,0
18/12/1990 17:00,0
18/12/1990 18:00,0
18/12/1990 19:00,0
18/12/1990 20:00,0
18/12/1990 21:00,0
18/12/1990 22:00,0
18/12/1990 23:00,0
19/12/1990 00:00,0
19/12/1990 01:00,0
19/12/1990 02:00,0
19/12/1990 03:00,0
19/12/1990 04:00,0
19/12/1990 05:00,0
19/12/1990 06:00,0
19/12/1990 07:00,0
19/12/1990 08:00,0
19/12/1990 09:00,0
19/12/1990 10:00,0.291316281
19/12/1990 11:00,0.559346085
19/12/1990 12:00,0.568359875
19/12/1990 13:00,0.279601423
19/12/1990 14:00,0
19/12/1990 15:00,0
19/12/1990 16:00,0
19/12/1990 17:00,0
19/12/1990 18:00,0
19/12/1990 19:00,0
19/12/1990 20:00,0
19/12/1990 21:00,0
19/12/1990 22:00,0
19/12/1990 23:00,0
20/12/1990 00:00,0
20/12/1990 01:00,0
20/12/1990 02:00,0
20/12/1990 03:00,0
20/12/1990 04:00,0
20/12/1990 05:00,0
20/12/1990 06:00,0
20/12/1990 07:00,0
20/12/1990 08:00,0
20/12/1990 09:00,1.68816726
20/12/1990 10:00,4.180516014
20/12/1990 11:00,4.656272242
20/12/1990 12:00,4.997895907
20/12/1990 13:00,4.283545374
20/12/1990 14:00,2.357909253
20/12/1990 15:00,0
20/12/1990 16:00,0
20/12/1990 17:00,0
20/12/1990 18:00,0
20/12/1990 19:00,0
20/12/1990 20:00,0
20/12/1990 21:00,0
20/12/1990 22:00,0
20/12/1990 23:00,0
21/12/1990 00:00,0
21/12/1990 01:00,0
21/12/1990 02:00,0
21/12/1990 03:00,0
21/12/1990 04:00,0
21/12/1990 05:00,0
21/12/1990 06:00,0
21/12/1990 07:00,0
21/12/1990 08:00,0
21/12/1990 09:00,1.799688612
21/12/1990 10:00,5.629986655
21/12/1990 11:00,7.512753559
21/12/1990 12:00,7.875658363
21/12/1990 13:00,4.220827402
21/12/1990 14:00,3.706703737
21/12/1990 15:00,0
21/12/1990 16:00,0
21/12/1990 17:00,0
21/12/1990 18:00,0
21/12/1990 19:00,0
21/12/1990 20:00,0
21/12/1990 21:00,0
21/12/1990 22:00,0
21/12/1990 23:00,0
22/12/1990 00:00,0
22/12/1990 01:00,0
22/12/1990 02:00,0
22/12/1990 03:00,0
22/12/1990 04:00,0
22/12/1990 05:00,0
22/12/1990 06:00,0
22/12/1990 07:00,0
22/12/1990 08:00,0
22/12/1990 09:00,5.63469306
22/12/1990 10:00,17.15587189
22/12/1990 11:00,17.7411032
22/12/1990 12:00,14.00974199
22/12/1990 13:00,10.21627669
22/12/1990 14:00,5.075142349
22/12/1990 15:00,0
22/12/1990 16:00,0
22/12/1990 17:00,0
22/12/1990 18:00,0
22/12/1990 19:00,0
22/12/1990 20:00,0
22/12/1990 21:00,0
22/12/1990 22:00,0
22/12/1990 23:00,0
23/12/1990 00:00,0
23/12/1990 01:00,0
23/12/1990 02:00,0
23/12/1990 03:00,0
23/12/1990 04:00,0
23/12/1990 05:00,0
23/12/1990 06:00,0
23/12/1990 07:00,0
23/12/1990 08:00,0
23/12/1990 09:00,0.664247776
23/12/1990 10:00,3.55272242
23/12/1990 11:00,6.155262456
23/12/1990 12:00,5.783865658
23/12/1990 13:00,5.146147687
23/12/1990 14:00,3.047909253
23/12/1990 15:00,0
23/12/1990 16:00,0
23/12/1990 17:00,0
23/12/1990 18:00,0
23/12/1990 19:00,0
23/12/1990 20:00,0
23/12/1990 21:00,0
23/12/1990 22:00,0
23/12/1990 23:00,0
24/12/1990 00:00,0
24/12/1990 01:00,0
24/12/1990 02:00,0
24/12/1990 03:00,0
24/12/1990 04:00,0
24/12/1990 05:00,0
24/12/1990 06:00,0
24/12/1990 07:00,0
24/12/1990 08:00,0
24/12/1990 09:00,0
24/12/1990 10:00,0.414266014
24/12/1990 11:00,2.83366548
24/12/1990 12:00,1.045845196
24/12/1990 13:00,22.59074733
24/12/1990 14:00,11.94403915
24/12/1990 15:00,0
24/12/1990 16:00,0
24/12/1990 17:00,0
24/12/1990 18:00,0
24/12/1990 19:00,0
24/12/1990 20:00,0
24/12/1990 21:00,0
24/12/1990 22:00,0
24/12/1990 23:00,0
25/12/1990 00:00,0
25/12/1990 01:00,0
25/12/1990 02:00,0
25/12/1990 03:00,0
25/12/1990 04:00,0
25/12/1990 05:00,0
25/12/1990 06:00,0
25/12/1990 07:00,0
25/12/1990 08:00,0
25/12/1990 09:00,8.618451957
25/12/1990 10:00,18.51356762
25/12/1990 11:00,18.76525801
25/12/1990 12:00,15.7091637
25/12/1990 13:00,9.600453737
25/12/1990 14:00,3.75202847
25/12/1990 15:00,0
25/12/1990 16:00,0
25/12/1990 17:00,0
25/12/1990 18:00,0
25/12/1990 19:00,0
25/12/1990 20:00,0
25/12/1990 21:00,0
25/12/1990 22:00,0
25/12/1990 23:00,0
26/12/1990 00:00,0
26/12/1990 01:00,0
26/12/1990 02:00,0
26/12/1990 03:00,0
26/12/1990 04:00,0
26/12/1990 05:00,0
26/12/1990 06:00,0
26/12/1990 07:00,0
26/12/1990 08:00,0
26/12/1990 09:00,4.541067616
26/12/1990 10:00,13.62299822
26/12/1990 11:00,23.26908363
26/12/1990 12:00,26.67508897
26/12/1990 13:00,22.28585409
26/12/1990 14:00,12.27144128
26/12/1990 15:00,0
26/12/1990 16:00,0
26/12/1990 17:00,0
26/12/1990 18:00,0
26/12/1990 19:00,0
26/12/1990 20:00,0
26/12/1990 21:00,0
26/12/1990 22:00,0
26/12/1990 23:00,0
27/12/1990 00:00,0
27/12/1990 01:00,0
27/12/1990 02:00,0
27/12/1990 03:00,0
27/12/1990 04:00,0
27/12/1990 05:00,0
27/12/1990 06:00,0
27/12/1990 07:00,0
27/12/1990 08:00,0
27/12/1990 09:00,7.82225089
27/12/1990 10:00,16.49288256
27/12/1990 11:00,27.43425267
27/12/1990 12:00,27.16107651
27/12/1990 13:00,19.57353203
27/12/1990 14:00,12.42900356
27/12/1990 15:00,0
27/12/1990 16:00,0
27/12/1990 17:00,0
27/12/1990 18:00,0
27/12/1990 19:00,0
27/12/1990 20:00,0
27/12/1990 21:00,0
27/12/1990 22:00,0
27/12/1990 23:00,0
28/12/1990 00:00,0
28/12/1990 01:00,0
28/12/1990 02:00,0
28/12/1990 03:00,0
28/12/1990 04:00,0
28/12/1990 05:00,0
28/12/1990 06:00,0
28/12/1990 07:00,0
28/12/1990 08:00,0
28/12/1990 09:00,3.653807829
28/12/1990 10:00,8.13625
28/12/1990 11:00,14.701379
28/12/1990 12:00,9.559323843
28/12/1990 13:00,9.603113879
28/12/1990 14:00,3.802264235
28/12/1990 15:00,0
28/12/1990 16:00,0
28/12/1990 17:00,0
28/12/1990 18:00,0
28/12/1990 19:00,0
28/12/1990 20:00,0
28/12/1990 21:00,0
28/12/1990 22:00,0
28/12/1990 23:00,0
29/12/1990 00:00,0
29/12/1990 01:00,0
29/12/1990 02:00,0
29/12/1990 03:00,0
29/12/1990 04:00,0
29/12/1990 05:00,0
29/12/1990 06:00,0
29/12/1990 07:00,0
29/12/1990 08:00,0
29/12/1990 09:00,2.761023132
29/12/1990 10:00,8.547651246
29/12/1990 11:00,15.01650356
29/12/1990 12:00,22.9580516
29/12/1990 13:00,20.35827402
29/12/1990 14:00,10.62317616
29/12/1990 15:00,0
29/12/1990 16:00,0
29/12/1990 17:00,0
29/12/1990 18:00,0
29/12/1990 19:00,0
29/12/1990 20:00,0
29/12/1990 21:00,0
29/12/1990 22:00,0
29/12/1990 23:00,0
30/12/1990 00:00,0
30/12/1990 01:00,0
30/12/1990 02:00,0
30/12/1990 03:00,0
30/12/1990 04:00,0
30/12/1990 05:00,0
30/12/1990 06:00,0
30/12/1990 07:00,0
30/12/1990 08:00,0
30/12/1990 09:00,2.440271352
30/12/1990 10:00,5.900502669
30/12/1990 11:00,8.427740214
30/12/1990 12:00,8.365022242
30/12/1990 13:00,6.872784698
30/12/1990 14:00,3.917161922
30/12/1990 15:00,0
30/12/1990 16:00,0
30/12/1990 17:00,0
30/12/1990 18:00,0
30/12/1990 19:00,0
30/12/1990 20:00,0
30/12/1990 21:00,0
30/12/1990 22:00,0
30/12/1990 23:00,0
31/12/1990 00:00,0
31/12/1990 01:00,0
31/12/1990 02:00,0
31/12/1990 03:00,0
31/12/1990 04:00,0
31/12/1990 05:00,0
31/12/1990 06:00,0
31/12/1990 07:00,0
31/12/1990 08:00,0
31/12/1990 09:00,6.500569395
31/12/1990 10:00,14.72593416
31/12/1990 11:00,18.73865658
31/12/1990 12:00,25.3194395
31/12/1990 13:00,18.38465302
31/12/1990 14:00,12.37068505
31/12/1990 15:00,0
31/12/1990 16:00,0
31/12/1990 17:00,0
31/12/1990 18:00,0
31/12/1990 19:00,0
31/12/1990 20:00,0
31/12/1990 21:00,0
31/12/1990 22:00,0
31/12/1990 23:00,0
